issue_code,bond_type,original_tenor_years,issue_date,maturity_date,coupon_rate,market_yield,dirty_price,clean_price,nse_date,source_url,tax_rate
FXD1/2012/15Yr,fixed,15,2012-09-24,2027-09-06,11.0000,9.0500,102.3963,101.7012,2026-09-30,https://www.nse.co.ke/wp-content/uploads/BondPrices_30-SEP-2026.pdf,10
FXD2/2013/15Yr,fixed,15,2013-04-29,2028-04-10,12.0000,9.8000,108.6579,103.0535,2026-09-30,https://www.nse.co.ke/wp-content/uploads/BondPrices_30-SEP-2026.pdf,10
FXD1/2022/10Yr,fixed,10,2022-05-16,2032-05-03,13.4900,12.4350,109.3999,104.1373,2026-09-30,https://www.nse.co.ke/wp-content/uploads/BondPrices_30-SEP-2026.pdf,10
FXD3/2019/15Yr,fixed,15,2019-07-29,2034-07-10,12.3400,12.6941,100.6737,98.2328,2026-09-30,https://www.nse.co.ke/wp-content/uploads/BondPrices_30-SEP-2026.pdf,10
FXD1/2020/15Yr,fixed,15,2020-02-25,2035-02-05,12.7560,12.7034,101.7727,100.2308,2026-09-30,https://www.nse.co.ke/wp-content/uploads/BondPrices_30-SEP-2026.pdf,10
IFB1/2019/16Yr,infrastructure,16,2019-10-28,2035-10-08,11.7500,12.3000,102.9108,97.6491,2026-09-30,https://www.nse.co.ke/wp-content/uploads/BondPrices_30-SEP-2026.pdf,0
IFB1/2022/14Yr,infrastructure,14,2022-11-14,2036-10-27,13.9380,11.9576,114.2668,108.8294,2026-09-30,https://www.nse.co.ke/wp-content/uploads/BondPrices_30-SEP-2026.pdf,0
FXD1/2022/15Yr,fixed,15,2022-04-25,2037-04-06,13.9420,13.4000,110.9651,104.7218,2026-09-30,https://www.nse.co.ke/wp-content/uploads/BondPrices_30-SEP-2026.pdf,10
FXD1/2019/20Yr,fixed,20,2019-04-15,2039-03-21,12.8730,13.4500,102.8055,96.5458,2026-09-30,https://www.nse.co.ke/wp-content/uploads/BondPrices_30-SEP-2026.pdf,10
IFB1/2021/18Yr,infrastructure,18,2021-04-12,2039-03-21,12.6670,11.0000,114.1241,107.9646,2026-09-30,https://www.nse.co.ke/wp-content/uploads/BondPrices_30-SEP-2026.pdf,0
IFB1/2023/17Yr,infrastructure,17,2023-03-13,2040-02-20,14.3990,12.3000,112.2781,111.3683,2026-09-30,https://www.nse.co.ke/wp-content/uploads/BondPrices_30-SEP-2026.pdf,0
IFB1/2022/19Yr,infrastructure,19,2022-02-21,2041-01-28,12.9650,11.7750,108.0773,106.5101,2026-09-30,https://www.nse.co.ke/wp-content/uploads/BondPrices_30-SEP-2026.pdf,0
FXD1/2021/20Yr,fixed,20,2021-08-16,2041-07-22,13.4440,13.4000,102.1205,100.2369,2026-09-30,https://www.nse.co.ke/wp-content/uploads/BondPrices_30-SEP-2026.pdf,10
IFB1/2021/21Yr,infrastructure,21,2021-09-13,2042-08-18,12.7370,12.4064,102.5176,101.7128,2026-09-30,https://www.nse.co.ke/wp-content/uploads/BondPrices_30-SEP-2026.pdf,0
FXD1/2021/25Yr,fixed,25,2021-05-10,2046-04-09,13.9240,12.2500,118.0035,112.3038,2026-09-30,https://www.nse.co.ke/wp-content/uploads/BondPrices_30-SEP-2026.pdf,10
FXD1/2021/26Yr,fixed,26,2021-05-10,2046-04-09,13.9240,12.6000,115.2166,109.5169,2026-09-30,https://www.nse.co.ke/wp-content/uploads/BondPrices_30-SEP-2026.pdf,10
FXD1/2022/25Yr,fixed,25,2022-10-24,2047-09-23,14.1880,12.9500,115.2112,108.8578,2026-09-30,https://www.nse.co.ke/wp-content/uploads/BondPrices_30-SEP-2026.pdf,10
FXD1/2022/26Yr,fixed,26,2022-10-24,2047-09-23,14.1880,13.3800,111.9754,105.6220,2026-09-30,https://www.nse.co.ke/wp-content/uploads/BondPrices_30-SEP-2026.pdf,10
FXD1/2026/30Yr,fixed,30,2026-04-20,2056-03-13,12.5000,13.4000,101.1064,95.5089,2026-09-30,https://www.nse.co.ke/wp-content/uploads/BondPrices_30-SEP-2026.pdf,10
