Date,Open,High,Low,Close
2016-07-08,14.1,14.1,14.1,14.1
2016-07-11,14.1,14.1,14.1,14.1
2016-07-12,14.1,14.1,14.1,14.1
2016-07-13,14.563,14.563,14.563,14.563
2016-07-14,14.1,14.1,14.1,14.1
2016-07-15,14.1,14.1,14.1,14.1
2016-07-18,14.1,14.1,14.1,14.1
2016-07-19,14.1,14.1,14.1,14.1
2016-07-20,14.1,14.1,14.1,14.1
2016-07-21,14.1,14.1,14.1,14.1
2016-07-22,14.1,14.1,14.1,14.1
2016-07-25,14.563,14.563,14.563,14.563
2016-07-26,14.563,14.563,14.563,14.563
2016-07-27,14.8,14.8,14.8,14.8
2016-07-28,14.8,14.8,14.8,14.8
2016-07-29,14.8,14.8,14.8,14.8
2016-08-01,14.8,14.8,14.8,14.8
2016-08-02,14.8,14.8,14.8,14.8
2016-08-03,14.8,14.8,14.8,14.8
2016-08-04,14.8,14.8,14.8,14.8
2016-08-05,14.8,14.8,14.8,14.8
2016-08-08,14.6,14.6,14.6,14.6
2016-08-09,14.6,14.6,14.6,14.6
2016-08-10,14.5,14.5,14.5,14.5
2016-08-11,14.5,14.5,14.5,14.5
2016-08-12,14.6,14.6,14.6,14.6
2016-08-15,14.5,14.5,14.5,14.5
2016-08-16,14.5,14.5,14.5,14.5
2016-08-17,14.6,14.6,14.6,14.6
2016-08-18,14.6,14.6,14.6,14.6
2016-08-19,14.5,14.5,14.5,14.5
2016-08-22,14.668,14.668,14.668,14.668
2016-08-23,14.5,14.5,14.5,14.5
2016-08-24,14.6,14.6,14.6,14.6
2016-08-25,14.5,14.5,14.5,14.5
2016-08-26,14.5,14.5,14.5,14.5
2016-08-29,14.5,14.5,14.5,14.5
2016-08-30,15.15,15.15,15.15,15.15
2016-08-31,14.8,14.8,14.8,14.8
2016-09-01,14.35,14.35,14.35,14.35
2016-09-02,14.5,14.5,14.5,14.5
2016-09-05,14.5,14.5,14.5,14.5
2016-09-06,14.6,14.6,14.6,14.6
2016-09-07,14.6,14.6,14.6,14.6
2016-09-08,14.6,14.6,14.6,14.6
2016-09-09,14.1,14.1,14.1,14.1
2016-09-12,14.1,14.1,14.1,14.1
2016-09-13,14.2,14.2,14.2,14.2
2016-09-14,14.1,14.1,14.1,14.1
2016-09-15,14.1,14.1,14.1,14.1
2016-09-16,14.6,14.6,14.6,14.6
2016-09-19,13.927,13.927,13.927,13.927
2016-09-20,14,14,14,14
2016-09-21,14.5,14.5,14.5,14.5
2016-09-22,14,14,14,14
2016-09-23,14.6,14.6,14.6,14.6
2016-09-26,14.2,14.2,14.2,14.2
2016-09-27,14.1,14.1,14.1,14.1
2016-09-28,14.1,14.1,14.1,14.1
2016-09-29,13.3,13.3,13.3,13.3
2016-09-30,13.3,13.3,13.3,13.3
2016-10-03,13,13,13,13
2016-10-04,13.3,13.3,13.3,13.3
2016-10-05,13,13,13,13
2016-10-06,13.3,13.3,13.3,13.3
2016-10-07,13.3,13.3,13.3,13.3
2016-10-10,13.3,13.3,13.3,13.3
2016-10-11,13.3,13.3,13.3,13.3
2016-10-12,13.5,13.5,13.5,13.5
2016-10-13,13.5,13.5,13.5,13.5
2016-10-14,13.3,13.3,13.3,13.3
2016-10-17,13.3,13.3,13.3,13.3
2016-10-18,13.5,13.5,13.5,13.5
2016-10-19,13.2,13.2,13.2,13.2
2016-10-20,13.3,13.3,13.3,13.3
2016-10-21,13.3,13.3,13.3,13.3
2016-10-24,13.5,13.5,13.5,13.5
2016-10-25,13.5,13.5,13.5,13.5
2016-10-26,13.5,13.5,13.5,13.5
2016-10-27,13.5,13.5,13.5,13.5
2016-10-28,13.5,13.5,13.5,13.5
2016-10-31,13.3,13.3,13.3,13.3
2016-11-01,13.3,13.3,13.3,13.3
2016-11-02,13.3,13.3,13.3,13.3
2016-11-03,13.5,13.5,13.5,13.5
2016-11-04,13.5,13.5,13.5,13.5
2016-11-07,13.5,13.5,13.5,13.5
2016-11-08,13.2,13.2,13.2,13.2
2016-11-09,13.2,13.2,13.2,13.2
2016-11-10,13.2,13.2,13.2,13.2
2016-11-11,13.464,13.464,13.464,13.464
2016-11-14,13.464,13.464,13.464,13.464
2016-11-16,13.464,13.464,13.464,13.464
2016-11-17,13.464,13.464,13.464,13.464
2016-11-18,13.463,13.463,13.463,13.463
2016-11-21,13.464,13.464,13.464,13.464
2016-11-22,13.464,13.464,13.464,13.464
2016-11-23,13.464,13.464,13.464,13.464
2016-11-24,13.464,13.464,13.464,13.464
2016-11-25,13.4,13.4,13.4,13.4
2016-11-28,14.4,14.4,14.4,14.4
2016-11-29,14.337,14.337,14.337,14.337
2016-11-30,14.4,14.4,14.4,14.4
2016-12-01,14.337,14.337,14.337,14.337
2016-12-02,14.337,14.337,14.337,14.337
2016-12-05,14.55,14.55,14.55,14.55
2016-12-06,14.459,14.459,14.459,14.459
2016-12-07,14.459,14.459,14.459,14.459
2016-12-08,14.474,14.474,14.474,14.474
2016-12-09,14.424,14.424,14.424,14.424
2016-12-12,14.424,14.424,14.424,14.424
2016-12-13,14.55,14.55,14.55,14.55
2016-12-14,14.48,14.48,14.48,14.48
2016-12-15,14.48,14.48,14.48,14.48
2016-12-16,14.48,14.48,14.48,14.48
2016-12-19,14.48,14.48,14.48,14.48
2016-12-20,14.48,14.48,14.48,14.48
2016-12-21,14.48,14.48,14.48,14.48
2016-12-22,14.55,14.55,14.55,14.55
2016-12-23,14.48,14.48,14.48,14.48
2016-12-26,14.48,14.48,14.48,14.48
2016-12-27,14.48,14.48,14.48,14.48
2016-12-28,14.7,14.7,14.7,14.7
2016-12-29,14.2,14.2,14.2,14.2
2016-12-30,14.087,14.087,14.087,14.087
2017-01-02,14.087,14.087,14.087,14.087
2017-01-03,14.02,14.02,14.02,14.02
2017-01-04,14.087,14.087,14.087,14.087
2017-01-05,14.087,14.087,14.087,14.087
2017-01-06,14.087,14.087,14.087,14.087
2017-01-09,14.087,14.087,14.087,14.087
2017-01-10,14.087,14.087,14.087,14.087
2017-01-11,14.087,14.087,14.087,14.087
2017-01-13,14.087,14.087,14.087,14.087
2017-01-16,14.087,14.087,14.087,14.087
2017-01-17,14.087,14.087,14.087,14.087
2017-01-18,14.02,14.02,14.02,14.02
2017-01-19,14,14,14,14
2017-01-20,14.009,14.009,14.009,14.009
2017-01-23,14.009,14.009,14.009,14.009
2017-01-24,14.139,14.139,14.139,14.139
2017-01-25,14.139,14.139,14.139,14.139
2017-01-26,14.139,14.139,14.139,14.139
2017-01-27,14.139,14.139,14.139,14.139
2017-01-30,14.015,14.015,14.015,14.015
2017-01-31,14.01,14.01,14.01,14.01
2017-02-01,14.01,14.01,14.01,14.01
2017-02-02,14.015,14.015,14.015,14.015
2017-02-03,14.015,14.015,14.015,14.015
2017-02-06,14.015,14.015,14.015,14.015
2017-02-07,14,14,14,14
2017-02-08,14.015,14.015,14.015,14.015
2017-02-09,14.015,14.015,14.015,14.015
2017-02-10,14.015,14.015,14.015,14.015
2017-02-13,14.015,14.015,14.015,14.015
2017-02-14,14.015,14.015,14.015,14.015
2017-02-15,14.015,14.015,14.015,14.015
2017-02-16,14.015,14.015,14.015,14.015
2017-02-17,14.015,14.015,14.015,14.015
2017-02-20,14.015,14.015,14.015,14.015
2017-02-21,14.015,14.015,14.015,14.015
2017-02-22,13.872,13.872,13.872,13.872
2017-02-23,13.872,13.872,13.872,13.872
2017-02-24,14.003,14.003,14.003,14.003
2017-02-27,14.003,14.003,14.003,14.003
2017-02-28,13.84,13.84,13.84,13.84
2017-03-01,13.84,13.84,13.84,13.84
2017-03-02,14.003,14.003,14.003,14.003
2017-03-03,13.84,13.84,13.84,13.84
2017-03-06,13.84,13.84,13.84,13.84
2017-03-07,14.003,14.003,14.003,14.003
2017-03-08,14.003,14.003,14.003,14.003
2017-03-09,14.003,14.003,14.003,14.003
2017-03-10,14.003,14.003,14.003,14.003
2017-03-13,14.003,14.003,14.003,14.003
2017-03-14,14.003,14.003,14.003,14.003
2017-03-15,14.003,14.003,14.003,14.003
2017-03-16,14.003,14.003,14.003,14.003
2017-03-17,14.003,14.003,14.003,14.003
2017-03-20,14.003,14.003,14.003,14.003
2017-03-21,14.003,14.003,14.003,14.003
2017-03-22,14.003,14.003,14.003,14.003
2017-03-23,14.003,14.003,14.003,14.003
2017-03-24,14.003,14.003,14.003,14.003
2017-03-27,14.003,14.003,14.003,14.003
2017-03-28,14.003,14.003,14.003,14.003
2017-03-29,14.003,14.003,14.003,14.003
2017-03-30,13.991,13.991,13.991,13.991
2017-03-31,13.991,13.991,13.991,13.991
2017-04-03,13.84,13.84,13.84,13.84
2017-04-04,13.991,13.991,13.991,13.991
2017-04-05,13.991,13.991,13.991,13.991
2017-04-06,13.991,13.991,13.991,13.991
2017-04-07,13.991,13.991,13.991,13.991
2017-04-10,13.985,13.985,13.985,13.985
2017-04-11,13.796,13.796,13.796,13.796
2017-04-12,13.796,13.796,13.796,13.796
2017-04-13,13.84,13.84,13.84,13.84
2017-04-14,13.796,13.796,13.796,13.796
2017-04-17,13.796,13.796,13.796,13.796
2017-04-18,13.796,13.796,13.796,13.796
2017-04-19,13.796,13.796,13.796,13.796
2017-04-20,13.796,13.796,13.796,13.796
2017-04-21,13.796,13.796,13.796,13.796
2017-04-24,13.796,13.796,13.796,13.796
2017-04-25,13.84,13.84,13.84,13.84
2017-04-26,13.84,13.84,13.84,13.84
2017-04-27,13.592,13.592,13.592,13.592
2017-04-28,13.592,13.592,13.592,13.592
2017-05-01,13.592,13.592,13.592,13.592
2017-05-02,13.592,13.592,13.592,13.592
2017-05-03,13.84,13.84,13.84,13.84
2017-05-04,13.443,13.443,13.443,13.443
2017-05-05,13.84,13.84,13.84,13.84
2017-05-08,13.443,13.443,13.443,13.443
2017-05-09,13.443,13.443,13.443,13.443
2017-05-10,13.443,13.443,13.443,13.443
2017-05-11,13.443,13.443,13.443,13.443
2017-05-12,13.443,13.443,13.443,13.443
2017-05-15,13.443,13.443,13.443,13.443
2017-05-16,13.443,13.443,13.443,13.443
2017-05-17,13.443,13.443,13.443,13.443
2017-05-18,13.443,13.443,13.443,13.443
2017-05-19,13.443,13.443,13.443,13.443
2017-05-22,13.443,13.443,13.443,13.443
2017-05-23,13.443,13.443,13.443,13.443
2017-05-24,13.443,13.443,13.443,13.443
2017-05-25,13.443,13.443,13.443,13.443
2017-05-26,13.2,13.2,13.2,13.2
2017-05-29,13.485,13.485,13.485,13.485
2017-05-30,13.485,13.485,13.485,13.485
2017-05-31,13.14,13.14,13.14,13.14
2017-06-01,13.486,13.486,13.486,13.486
2017-06-02,13.14,13.14,13.14,13.14
2017-06-05,13.582,13.582,13.582,13.582
2017-06-06,13.582,13.582,13.582,13.582
2017-06-07,13.582,13.582,13.582,13.582
2017-06-08,13.582,13.582,13.582,13.582
2017-06-09,13.582,13.582,13.582,13.582
2017-06-12,13.582,13.582,13.582,13.582
2017-06-13,13.582,13.582,13.582,13.582
2017-06-14,13.582,13.582,13.582,13.582
2017-06-15,13.582,13.582,13.582,13.582
2017-06-16,13.14,13.14,13.14,13.14
2017-06-19,13.582,13.582,13.582,13.582
2017-06-20,13.582,13.582,13.582,13.582
2017-06-21,13.14,13.14,13.14,13.14
2017-06-22,13.14,13.14,13.14,13.14
2017-06-23,13.54,13.54,13.54,13.54
2017-06-26,13.54,13.54,13.54,13.54
2017-06-27,13.54,13.54,13.54,13.54
2017-06-28,13.54,13.54,13.54,13.54
2017-06-29,13.3,13.3,13.3,13.3
2017-06-30,13.3,13.3,13.3,13.3
2017-07-03,13.252,13.252,13.252,13.252
2017-07-04,13.252,13.252,13.252,13.252
2017-07-05,13.252,13.252,13.252,13.252
2017-07-06,13.252,13.252,13.252,13.252
2017-07-07,13.252,13.252,13.252,13.252
2017-07-10,13.252,13.252,13.252,13.252
2017-07-11,13.1,13.1,13.1,13.1
2017-07-12,13.252,13.252,13.252,13.252
2017-07-13,13.252,13.252,13.252,13.252
2017-07-14,13.252,13.252,13.252,13.252
2017-07-17,13.252,13.252,13.252,13.252
2017-07-18,13.252,13.252,13.252,13.252
2017-07-19,13.252,13.252,13.252,13.252
2017-07-20,13.3,13.3,13.3,13.3
2017-07-21,13.3,13.3,13.3,13.3
2017-07-24,13.252,13.252,13.252,13.252
2017-07-25,13.252,13.252,13.252,13.252
2017-07-26,13,13,13,13
2017-07-27,13.252,13.252,13.252,13.252
2017-07-28,13.252,13.252,13.252,13.252
2017-07-31,13.252,13.252,13.252,13.252
2017-08-01,13.252,13.252,13.252,13.252
2017-08-02,13,13,13,13
2017-08-03,13,13,13,13
2017-08-04,13.252,13.252,13.252,13.252
2017-08-07,13.252,13.252,13.252,13.252
2017-08-08,13.252,13.252,13.252,13.252
2017-08-09,13.252,13.252,13.252,13.252
2017-08-10,13.252,13.252,13.252,13.252
2017-08-11,13.252,13.252,13.252,13.252
2017-08-14,13.252,13.252,13.252,13.252
2017-08-15,12.951,12.951,12.951,12.951
2017-08-16,13,13,13,13
2017-08-17,12.951,12.951,12.951,12.951
2017-08-18,12.951,12.951,12.951,12.951
2017-08-21,12.951,12.951,12.951,12.951
2017-08-22,13,13,13,13
2017-08-23,12.951,12.951,12.951,12.951
2017-08-24,12.951,12.951,12.951,12.951
2017-08-25,12.816,12.816,12.816,12.816
2017-08-28,13.004,13.004,13.004,13.004
2017-08-29,12.816,12.816,12.816,12.816
2017-08-30,12.816,12.816,12.816,12.816
2017-08-31,12.849,12.849,12.849,12.849
2017-09-01,12.816,12.816,12.816,12.816
2017-09-04,12.816,12.816,12.816,12.816
2017-09-05,13.059,13.059,13.059,13.059
2017-09-06,13.059,13.059,13.059,13.059
2017-09-07,12.816,12.816,12.816,12.816
2017-09-08,13.04,13.04,13.04,13.04
2017-09-11,13.04,13.04,13.04,13.04
2017-09-12,13.039,13.039,13.039,13.039
2017-09-13,13.04,13.04,13.04,13.04
2017-09-14,13.039,13.039,13.039,13.039
2017-09-15,13.04,13.04,13.04,13.04
2017-09-18,13.1,13.1,13.1,13.1
2017-09-19,13.1,13.1,13.1,13.1
2017-09-20,13.039,13.039,13.039,13.039
2017-09-21,13.1,13.1,13.1,13.1
2017-09-22,12.96,12.96,12.96,12.96
2017-09-25,12.88,12.88,12.88,12.88
2017-09-26,12.96,12.96,12.96,12.96
2017-09-27,13.1,13.1,13.1,13.1
2017-09-28,13.1,13.1,13.1,13.1
2017-09-29,13.05,13.05,13.05,13.05
2017-10-02,13.3,13.3,13.3,13.3
2017-10-03,13.3,13.3,13.3,13.3
2017-10-04,13.2,13.2,13.2,13.2
2017-10-05,13.099,13.099,13.099,13.099
2017-10-06,13.231,13.231,13.231,13.231
2017-10-09,13.223,13.223,13.223,13.223
2017-10-10,13.2,13.2,13.2,13.2
2017-10-11,13.2,13.2,13.2,13.2
2017-10-12,13.2,13.2,13.2,13.2
2017-10-13,13.2,13.2,13.2,13.2
2017-10-16,13.2,13.2,13.2,13.2
2017-10-17,13.2,13.2,13.2,13.2
2017-10-18,12.88,12.88,12.88,12.88
2017-10-19,13.05,13.05,13.05,13.05
2017-10-20,13.05,13.05,13.05,13.05
2017-10-23,13.1,13.1,13.1,13.1
2017-10-24,13.178,13.178,13.178,13.178
2017-10-25,13.178,13.178,13.178,13.178
2017-10-26,13.178,13.178,13.178,13.178
2017-10-27,13.2,13.2,13.2,13.2
2017-10-30,13.178,13.178,13.178,13.178
2017-10-31,13.1,13.1,13.1,13.1
2017-11-01,13.05,13.05,13.05,13.05
2017-11-02,13.05,13.05,13.05,13.05
2017-11-03,13.2,13.2,13.2,13.2
2017-11-06,13.2,13.2,13.2,13.2
2017-11-07,13.178,13.178,13.178,13.178
2017-11-08,13.2,13.2,13.2,13.2
2017-11-09,13.2,13.2,13.2,13.2
2017-11-10,12.95,12.95,12.95,12.95
2017-11-13,13,13,13,13
2017-11-14,13.178,13.178,13.178,13.178
2017-11-15,13,13,13,13
2017-11-16,12.95,12.95,12.95,12.95
2017-11-17,13,13,13,13
2017-11-20,13.1,13.1,13.1,13.1
2017-11-21,13.3,13.3,13.3,13.3
2017-11-22,13.3,13.3,13.3,13.3
2017-11-23,13.2,13.2,13.2,13.2
2017-11-24,13.2,13.2,13.2,13.2
2017-11-27,12.85,12.85,12.85,12.85
2017-11-28,13.178,13.178,13.178,13.178
2017-11-29,13.3,13.3,13.3,13.3
2017-11-30,13.2,13.2,13.2,13.2
2017-12-01,13.3,13.3,13.3,13.3
2017-12-04,13.2,13.2,13.2,13.2
2017-12-05,13.178,13.178,13.178,13.178
2017-12-06,13.2,13.2,13.2,13.2
2017-12-07,13,13,13,13
2017-12-08,13.2,13.2,13.2,13.2
2017-12-11,13,13,13,13
2017-12-12,13.2,13.2,13.2,13.2
2017-12-13,13.2,13.2,13.2,13.2
2017-12-14,13.2,13.2,13.2,13.2
2017-12-15,13.38,13.38,13.38,13.38
2017-12-18,13.3,13.3,13.3,13.3
2017-12-19,13.3,13.3,13.3,13.3
2017-12-20,13.1,13.1,13.1,13.1
2017-12-21,13.3,13.3,13.3,13.3
2017-12-22,13.45,13.45,13.45,13.45
2017-12-25,13.072,13.072,13.072,13.072
2017-12-27,13.3,13.3,13.3,13.3
2017-12-28,13.2,13.2,13.2,13.2
2017-12-29,13.2,13.2,13.2,13.2
2018-01-01,13.072,13.072,13.072,13.072
2018-01-02,13.45,13.45,13.45,13.45
2018-01-03,13.45,13.45,13.45,13.45
2018-01-04,13.2,13.2,13.2,13.2
2018-01-05,13.2,13.2,13.2,13.2
2018-01-08,13.15,13.15,13.15,13.15
2018-01-09,13.2,13.2,13.2,13.2
2018-01-10,13.086,13.086,13.086,13.086
2018-01-11,13.086,13.086,13.086,13.086
2018-01-12,13.2,13.2,13.2,13.2
2018-01-15,13.086,13.086,13.086,13.086
2018-01-16,13.05,13.05,13.05,13.05
2018-01-17,13.05,13.05,13.05,13.05
2018-01-18,13.05,13.05,13.05,13.05
2018-01-19,13.12,13.12,13.12,13.12
2018-01-22,13,13,13,13
2018-01-23,12.95,12.95,12.95,12.95
2018-01-24,13,13,13,13
2018-01-25,12.95,12.95,12.95,12.95
2018-01-26,13.1,13.1,13.1,13.1
2018-01-29,12.95,12.95,12.95,12.95
2018-01-30,13.15,13.15,13.15,13.15
2018-01-31,13.15,13.15,13.15,13.15
2018-02-01,13,13,13,13
2018-02-02,13.15,13.15,13.15,13.15
2018-02-05,13,13,13,13
2018-02-06,13.15,13.15,13.15,13.15
2018-02-07,13.15,13.15,13.15,13.15
2018-02-08,13.15,13.15,13.15,13.15
2018-02-09,13.05,13.05,13.05,13.05
2018-02-12,13.1,13.1,13.1,13.1
2018-02-13,13.15,13.15,13.15,13.15
2018-02-14,12.8,12.8,12.8,12.8
2018-02-15,12.88,12.88,12.88,12.88
2018-02-16,13.15,13.15,13.15,13.15
2018-02-19,13.15,13.15,13.15,13.15
2018-02-20,12.9,12.9,12.9,12.9
2018-02-21,12.9,12.9,12.9,12.9
2018-02-22,13.3,13.3,13.3,13.3
2018-02-23,12.9,12.9,12.9,12.9
2018-02-26,13.1,13.1,13.1,13.1
2018-02-27,13.15,13.15,13.15,13.15
2018-02-28,12.9,12.9,12.9,12.9
2018-03-01,12.95,12.95,12.95,12.95
2018-03-02,12.9,12.9,12.9,12.9
2018-03-05,13.1,13.1,13.1,13.1
2018-03-06,13.3,13.3,13.3,13.3
2018-03-07,13.15,13.15,13.15,13.15
2018-03-08,13.15,13.15,13.15,13.15
2018-03-09,13.3,13.3,13.3,13.3
2018-03-12,12.9,12.9,12.9,12.9
2018-03-13,13.1,13.1,13.1,13.1
2018-03-14,13.15,13.15,13.15,13.15
2018-03-15,12.9,12.9,12.9,12.9
2018-03-16,13.15,13.15,13.15,13.15
2018-03-19,12.3,12.3,12.3,12.3
2018-03-20,12.8,12.8,12.8,12.8
2018-03-21,13.1,13.1,13.1,13.1
2018-03-22,12.9,12.9,12.9,12.9
2018-03-23,13.1,13.1,13.1,13.1
2018-03-26,13.1,13.1,13.1,13.1
2018-03-27,13.1,13.1,13.1,13.1
2018-03-28,12.4,12.4,12.4,12.4
2018-03-29,12.85,12.85,12.85,12.85
2018-03-30,12.85,12.85,12.85,12.85
2018-04-02,12.85,12.85,12.85,12.85
2018-04-03,12.85,12.85,12.85,12.85
2018-04-04,13.1,13.1,13.1,13.1
2018-04-05,12.88,12.88,12.88,12.88
2018-04-06,13.1,13.1,13.1,13.1
2018-04-09,13.15,13.15,13.15,13.15
2018-04-10,13.15,13.15,13.15,13.15
2018-04-11,13.1,13.1,13.1,13.1
2018-04-12,13.15,13.15,13.15,13.15
2018-04-13,13.15,13.15,13.15,13.15
2018-04-16,12.88,12.88,12.88,12.88
2018-04-17,12.88,12.88,12.88,12.88
2018-04-18,13.15,13.15,13.15,13.15
2018-04-19,13.15,13.15,13.15,13.15
2018-04-20,13,13,13,13
2018-04-23,12.4,12.4,12.4,12.4
2018-04-24,12.88,12.88,12.88,12.88
2018-04-25,12.4,12.4,12.4,12.4
2018-04-26,13.15,13.15,13.15,13.15
2018-04-27,13.15,13.15,13.15,13.15
2018-04-30,13.15,13.15,13.15,13.15
2018-05-01,13.15,13.15,13.15,13.15
2018-05-02,12.85,12.85,12.85,12.85
2018-05-03,12.9,12.9,12.9,12.9
2018-05-04,12.9,12.9,12.9,12.9
2018-05-07,12.8,12.8,12.8,12.8
2018-05-08,13.15,13.15,13.15,13.15
2018-05-09,12.8,12.8,12.8,12.8
2018-05-10,13.15,13.15,13.15,13.15
2018-05-11,12.85,12.85,12.85,12.85
2018-05-14,13.1,13.1,13.1,13.1
2018-05-15,13.15,13.15,13.15,13.15
2018-05-16,13.15,13.15,13.15,13.15
2018-05-17,13.15,13.15,13.15,13.15
2018-05-18,12.9,12.9,12.9,12.9
2018-05-21,13.15,13.15,13.15,13.15
2018-05-22,13.1,13.1,13.1,13.1
2018-05-23,13.3,13.3,13.3,13.3
2018-05-24,13.15,13.15,13.15,13.15
2018-05-25,13.15,13.15,13.15,13.15
2018-05-28,13.15,13.15,13.15,13.15
2018-05-29,13.3,13.3,13.3,13.3
2018-05-30,13.3,13.3,13.3,13.3
2018-05-31,12.75,12.75,12.75,12.75
2018-06-01,12.8,12.8,12.8,12.8
2018-06-04,12.8,12.8,12.8,12.8
2018-06-05,12.75,12.75,12.75,12.75
2018-06-06,12.4,12.4,12.4,12.4
2018-06-07,13.15,13.15,13.15,13.15
2018-06-08,13.15,13.15,13.15,13.15
2018-06-11,13.15,13.15,13.15,13.15
2018-06-12,13.1,13.1,13.1,13.1
2018-06-13,12.85,12.85,12.85,12.85
2018-06-14,12.9,12.9,12.9,12.9
2018-06-15,12.85,12.85,12.85,12.85
2018-06-18,12.9,12.9,12.9,12.9
2018-06-19,13.15,13.15,13.15,13.15
2018-06-20,13.15,13.15,13.15,13.15
2018-06-21,13.1,13.1,13.1,13.1
2018-06-22,13.15,13.15,13.15,13.15
2018-06-25,12.75,12.75,12.75,12.75
2018-06-26,12.9,12.9,12.9,12.9
2018-06-27,12.75,12.75,12.75,12.75
2018-06-28,12.75,12.75,12.75,12.75
2018-06-29,12.75,12.75,12.75,12.75
2018-07-02,12.85,12.85,12.85,12.85
2018-07-03,12.85,12.85,12.85,12.85
2018-07-04,12.85,12.85,12.85,12.85
2018-07-05,12.75,12.75,12.75,12.75
2018-07-06,12.65,12.65,12.65,12.65
2018-07-09,13,13,13,13
2018-07-10,13,13,13,13
2018-07-11,12.75,12.75,12.75,12.75
2018-07-12,13.1,13.1,13.1,13.1
2018-07-13,12.85,12.85,12.85,12.85
2018-07-16,13.3,13.3,13.3,13.3
2018-07-17,12.85,12.85,12.85,12.85
2018-07-18,13.1,13.1,13.1,13.1
2018-07-19,13.3,13.3,13.3,13.3
2018-07-20,13.3,13.3,13.3,13.3
2018-07-23,13,13,13,13
2018-07-24,13,13,13,13
2018-07-25,12.85,12.85,12.85,12.85
2018-07-26,13.3,13.3,13.3,13.3
2018-07-27,12.8,12.8,12.8,12.8
2018-07-30,12.75,12.75,12.75,12.75
2018-07-31,12.55,12.55,12.55,12.55
2018-08-01,13.15,13.15,13.15,13.15
2018-08-02,12.85,12.85,12.85,12.85
2018-08-03,12.8,12.8,12.8,12.8
2018-08-06,12.85,12.85,12.85,12.85
2018-08-07,13.3,13.3,13.3,13.3
2018-08-08,13.3,13.3,13.3,13.3
2018-08-09,12.85,12.85,12.85,12.85
2018-08-10,12.8,12.8,12.8,12.8
2018-08-13,13,13,13,13
2018-08-14,13.15,13.15,13.15,13.15
2018-08-15,12.85,12.85,12.85,12.85
2018-08-16,13.15,13.15,13.15,13.15
2018-08-17,13.3,13.3,13.3,13.3
2018-08-20,12.85,12.85,12.85,12.85
2018-08-21,12.85,12.85,12.85,12.85
2018-08-22,13.3,13.3,13.3,13.3
2018-08-23,12.85,12.85,12.85,12.85
2018-08-24,12.8,12.8,12.8,12.8
2018-08-27,12.75,12.75,12.75,12.75
2018-08-28,13.15,13.15,13.15,13.15
2018-08-29,13,13,13,13
2018-08-30,12.8,12.8,12.8,12.8
2018-08-31,12.75,12.75,12.75,12.75
2018-09-03,12.8,12.8,12.8,12.8
2018-09-04,12.8,12.8,12.8,12.8
2018-09-05,12.75,12.75,12.75,12.75
2018-09-06,12.617,12.617,12.617,12.617
2018-09-07,12.617,12.617,12.617,12.617
2018-09-10,12.617,12.617,12.617,12.617
2018-09-11,12.617,12.617,12.617,12.617
2018-09-12,12.617,12.617,12.617,12.617
2018-09-13,12.617,12.617,12.617,12.617
2018-09-14,12.617,12.617,12.617,12.617
2018-09-17,12.617,12.617,12.617,12.617
2018-09-18,12.617,12.617,12.617,12.617
2018-09-19,12.617,12.617,12.617,12.617
2018-09-20,12.572,12.572,12.572,12.572
2018-09-21,12.572,12.572,12.572,12.572
2018-09-24,12.5,12.5,12.5,12.5
2018-09-25,12.5,12.5,12.5,12.5
2018-09-26,12.8,12.8,12.8,12.8
2018-09-27,12.5,12.5,12.5,12.5
2018-09-28,12.572,12.572,12.572,12.572
2018-10-01,12.572,12.572,12.572,12.572
2018-10-02,12.572,12.572,12.572,12.572
2018-10-03,12.572,12.572,12.572,12.572
2018-10-04,12.572,12.572,12.572,12.572
2018-10-05,12.75,12.75,12.75,12.75
2018-10-08,12.8,12.8,12.8,12.8
2018-10-09,12.75,12.75,12.75,12.75
2018-10-10,12.75,12.75,12.75,12.75
2018-10-11,12.75,12.75,12.75,12.75
2018-10-12,12.75,12.75,12.75,12.75
2018-10-15,12.75,12.75,12.75,12.75
2018-10-16,12.75,12.75,12.75,12.75
2018-10-17,12.75,12.75,12.75,12.75
2018-10-18,12.75,12.75,12.75,12.75
2018-10-19,12.55,12.55,12.55,12.55
2018-10-22,12.75,12.75,12.75,12.75
2018-10-23,12.75,12.75,12.75,12.75
2018-10-24,12.6,12.6,12.6,12.6
2018-10-25,12.6,12.6,12.6,12.6
2018-10-26,12.6,12.6,12.6,12.6
2018-10-29,12.55,12.55,12.55,12.55
2018-10-30,12.58,12.58,12.58,12.58
2018-10-31,12.25,12.25,12.25,12.25
2018-11-01,12.25,12.25,12.25,12.25
2018-11-02,12.55,12.55,12.55,12.55
2018-11-05,12.25,12.25,12.25,12.25
2018-11-06,12.6,12.6,12.6,12.6
2018-11-07,12.55,12.55,12.55,12.55
2018-11-08,12.6,12.6,12.6,12.6
2018-11-09,12.6,12.6,12.6,12.6
2018-11-12,12.6,12.6,12.6,12.6
2018-11-13,12.6,12.6,12.6,12.6
2018-11-14,12.6,12.6,12.6,12.6
2018-11-15,12.6,12.6,12.6,12.6
2018-11-16,12.6,12.6,12.6,12.6
2018-11-19,12.25,12.25,12.25,12.25
2018-11-20,12.25,12.25,12.25,12.25
2018-11-21,12.55,12.55,12.55,12.55
2018-11-22,12.55,12.55,12.55,12.55
2018-11-23,12.25,12.25,12.25,12.25
2018-11-26,12.25,12.25,12.25,12.25
2018-11-27,12.6,12.6,12.6,12.6
2018-11-28,12.51,12.51,12.51,12.51
2018-11-29,12.4,12.4,12.4,12.4
2018-11-30,12.6,12.6,12.6,12.6
2018-12-03,12.25,12.25,12.25,12.25
2018-12-04,12.6,12.6,12.6,12.6
2018-12-05,12.6,12.6,12.6,12.6
2018-12-06,12.55,12.55,12.55,12.55
2018-12-07,12.25,12.25,12.25,12.25
2018-12-10,12.25,12.25,12.25,12.25
2018-12-11,12.51,12.51,12.51,12.51
2018-12-12,12.35,12.35,12.35,12.35
2018-12-13,12.51,12.51,12.51,12.51
2018-12-14,12.51,12.51,12.51,12.51
2018-12-17,12.6,12.6,12.6,12.6
2018-12-18,12.55,12.55,12.55,12.55
2018-12-19,12.6,12.6,12.6,12.6
2018-12-20,12.25,12.25,12.25,12.25
2018-12-21,12.25,12.25,12.25,12.25
2018-12-24,12.55,12.55,12.55,12.55
2018-12-25,12.55,12.55,12.55,12.55
2018-12-26,12.55,12.55,12.55,12.55
2018-12-27,12.55,12.55,12.55,12.55
2018-12-28,12.51,12.51,12.51,12.51
2018-12-31,12.6,12.6,12.6,12.6
2019-01-01,12.25,12.25,12.25,12.25
2019-01-02,12.51,12.51,12.51,12.51
2019-01-03,12.51,12.51,12.51,12.51
2019-01-04,12.51,12.51,12.51,12.51
2019-01-07,12.25,12.25,12.25,12.25
2019-01-08,12.25,12.25,12.25,12.25
2019-01-09,12.51,12.51,12.51,12.51
2019-01-10,12.51,12.51,12.51,12.51
2019-01-11,12.51,12.51,12.51,12.51
2019-01-14,12.51,12.51,12.51,12.51
2019-01-15,12.51,12.51,12.51,12.51
2019-01-16,12.51,12.51,12.51,12.51
2019-01-17,12.51,12.51,12.51,12.51
2019-01-18,12.51,12.51,12.51,12.51
2019-01-21,12.5,12.5,12.5,12.5
2019-01-22,12.5,12.5,12.5,12.5
2019-01-23,12.5,12.5,12.5,12.5
2019-01-24,12.51,12.51,12.51,12.51
2019-01-25,12.51,12.51,12.51,12.51
2019-01-28,12.25,12.25,12.25,12.25
2019-01-29,12.51,12.51,12.51,12.51
2019-01-30,12.51,12.51,12.51,12.51
2019-01-31,12.51,12.51,12.51,12.51
2019-02-01,12.25,12.25,12.25,12.25
2019-02-04,12.51,12.51,12.51,12.51
2019-02-05,12.51,12.51,12.51,12.51
2019-02-06,12.6,12.6,12.6,12.6
2019-02-07,12.51,12.51,12.51,12.51
2019-02-08,12.51,12.51,12.51,12.51
2019-02-11,12.51,12.51,12.51,12.51
2019-02-12,12.51,12.51,12.51,12.51
2019-02-13,12.51,12.51,12.51,12.51
2019-02-14,12.51,12.51,12.51,12.51
2019-02-15,12.51,12.51,12.51,12.51
2019-02-18,12.51,12.51,12.51,12.51
2019-02-19,12.51,12.51,12.51,12.51
2019-02-20,12.51,12.51,12.51,12.51
2019-02-21,12.51,12.51,12.51,12.51
2019-02-22,12.51,12.51,12.51,12.51
2019-02-25,12.25,12.25,12.25,12.25
2019-02-26,11.85,11.85,11.85,11.85
2019-02-27,12.51,12.51,12.51,12.51
2019-02-28,12.35,12.35,12.35,12.35
2019-03-01,11.85,11.85,11.85,11.85
2019-03-04,12.45,12.45,12.45,12.45
2019-03-05,12.25,12.25,12.25,12.25
2019-03-06,12.538,12.538,12.538,12.538
2019-03-07,12.25,12.25,12.25,12.25
2019-03-08,12.35,12.35,12.35,12.35
2019-03-11,12.45,12.45,12.45,12.45
2019-03-12,12.25,12.25,12.25,12.25
2019-03-13,12.25,12.25,12.25,12.25
2019-03-14,12.25,12.25,12.25,12.25
2019-03-15,12.538,12.538,12.538,12.538
2019-03-18,12.25,12.25,12.25,12.25
2019-03-19,12.25,12.25,12.25,12.25
2019-03-20,12.25,12.25,12.25,12.25
2019-03-21,12.25,12.25,12.25,12.25
2019-03-22,12.144,12.144,12.144,12.144
2019-03-25,12.2,12.2,12.2,12.2
2019-03-26,12.144,12.144,12.144,12.144
2019-03-27,12.144,12.144,12.144,12.144
2019-03-28,12.25,12.25,12.25,12.25
2019-03-29,12.25,12.25,12.25,12.25
2019-04-01,12.25,12.25,12.25,12.25
2019-04-02,12.25,12.25,12.25,12.25
2019-04-03,12.144,12.144,12.144,12.144
2019-04-04,12.144,12.144,12.144,12.144
2019-04-05,12.25,12.25,12.25,12.25
2019-04-08,12.25,12.25,12.25,12.25
2019-04-09,12.25,12.25,12.25,12.25
2019-04-10,12.15,12.15,12.15,12.15
2019-04-11,12.15,12.15,12.15,12.15
2019-04-12,12.15,12.15,12.15,12.15
2019-04-15,12.15,12.15,12.15,12.15
2019-04-16,12.15,12.15,12.15,12.15
2019-04-17,12.15,12.15,12.15,12.15
2019-04-18,12.15,12.15,12.15,12.15
2019-04-19,12.15,12.15,12.15,12.15
2019-04-22,12.15,12.15,12.15,12.15
2019-04-23,12.15,12.15,12.15,12.15
2019-04-24,12.15,12.15,12.15,12.15
2019-04-25,12.15,12.15,12.15,12.15
2019-04-26,12.15,12.15,12.15,12.15
2019-04-29,12.1,12.1,12.1,12.1
2019-04-30,12.4,12.4,12.4,12.4
2019-05-01,12.4,12.4,12.4,12.4
2019-05-02,12.35,12.35,12.35,12.35
2019-05-03,12.4,12.4,12.4,12.4
2019-05-06,12.15,12.15,12.15,12.15
2019-05-07,12.4,12.4,12.4,12.4
2019-05-08,12.4,12.4,12.4,12.4
2019-05-09,12.4,12.4,12.4,12.4
2019-05-10,12.4,12.4,12.4,12.4
2019-05-13,12.15,12.15,12.15,12.15
2019-05-14,12.15,12.15,12.15,12.15
2019-05-15,12.15,12.15,12.15,12.15
2019-05-16,12.15,12.15,12.15,12.15
2019-05-17,12.35,12.35,12.35,12.35
2019-05-20,12.2,12.2,12.2,12.2
2019-05-21,12.15,12.15,12.15,12.15
2019-05-22,12.4,12.4,12.4,12.4
2019-05-23,12.4,12.4,12.4,12.4
2019-05-24,12.15,12.15,12.15,12.15
2019-05-27,12.35,12.35,12.35,12.35
2019-05-28,12.35,12.35,12.35,12.35
2019-05-29,12.35,12.35,12.35,12.35
2019-05-30,12.35,12.35,12.35,12.35
2019-05-31,12.35,12.35,12.35,12.35
2019-06-03,12.05,12.05,12.05,12.05
2019-06-04,12.1,12.1,12.1,12.1
2019-06-05,12.05,12.05,12.05,12.05
2019-06-06,12.05,12.05,12.05,12.05
2019-06-07,12.1,12.1,12.1,12.1
2019-06-10,12.05,12.05,12.05,12.05
2019-06-11,12.05,12.05,12.05,12.05
2019-06-12,12.05,12.05,12.05,12.05
2019-06-13,12.05,12.05,12.05,12.05
2019-06-14,12.05,12.05,12.05,12.05
2019-06-17,11.9,11.9,11.9,11.9
2019-06-18,11.9,11.9,11.9,11.9
2019-06-19,12,12,12,12
2019-06-20,12,12,12,12
2019-06-21,11.9,11.9,11.9,11.9
2019-06-24,12.017,12.017,12.017,12.017
2019-06-25,12.017,12.017,12.017,12.017
2019-06-26,11.75,11.75,11.75,11.75
2019-06-27,12.017,12.017,12.017,12.017
2019-06-28,11.75,11.75,11.75,11.75
2019-07-01,11.75,11.75,11.75,11.75
2019-07-02,11.75,11.75,11.75,11.75
2019-07-03,11.75,11.75,11.75,11.75
2019-07-04,11.65,11.65,11.65,11.65
2019-07-05,11.75,11.75,11.75,11.75
2019-07-08,11.75,11.75,11.75,11.75
2019-07-09,11.75,11.75,11.75,11.75
2019-07-10,11.75,11.75,11.75,11.75
2019-07-11,11.75,11.75,11.75,11.75
2019-07-12,11.75,11.75,11.75,11.75
2019-07-15,11.65,11.65,11.65,11.65
2019-07-16,11.65,11.65,11.65,11.65
2019-07-17,12.017,12.017,12.017,12.017
2019-07-18,12.017,12.017,12.017,12.017
2019-07-19,11.65,11.65,11.65,11.65
2019-07-22,11.65,11.65,11.65,11.65
2019-07-23,11.65,11.65,11.65,11.65
2019-07-24,12.017,12.017,12.017,12.017
2019-07-25,11.747,11.747,11.747,11.747
2019-07-26,11.65,11.65,11.65,11.65
2019-07-29,11.747,11.747,11.747,11.747
2019-07-30,11.6,11.6,11.6,11.6
2019-07-31,11.6,11.6,11.6,11.6
2019-08-01,11.45,11.45,11.45,11.45
2019-08-02,11.45,11.45,11.45,11.45
2019-08-05,11.45,11.45,11.45,11.45
2019-08-06,11.747,11.747,11.747,11.747
2019-08-07,11.747,11.747,11.747,11.747
2019-08-08,11.45,11.45,11.45,11.45
2019-08-09,11.747,11.747,11.747,11.747
2019-08-12,11.45,11.45,11.45,11.45
2019-08-13,11.5,11.5,11.5,11.5
2019-08-14,11.5,11.5,11.5,11.5
2019-08-15,11.747,11.747,11.747,11.747
2019-08-16,11.55,11.55,11.55,11.55
2019-08-19,11.5,11.5,11.5,11.5
2019-08-20,11.747,11.747,11.747,11.747
2019-08-21,11.747,11.747,11.747,11.747
2019-08-22,11.55,11.55,11.55,11.55
2019-08-23,11.5,11.5,11.5,11.5
2019-08-26,11.65,11.65,11.65,11.65
2019-08-27,11.629,11.629,11.629,11.629
2019-08-28,11.629,11.629,11.629,11.629
2019-08-29,11.65,11.65,11.65,11.65
2019-08-30,11.65,11.65,11.65,11.65
2019-09-02,11.705,11.705,11.705,11.705
2019-09-03,11.5,11.5,11.5,11.5
2019-09-04,11.5,11.5,11.5,11.5
2019-09-05,11.5,11.5,11.5,11.5
2019-09-06,11.5,11.5,11.5,11.5
2019-09-09,11.5,11.5,11.5,11.5
2019-09-10,11.5,11.5,11.5,11.5
2019-09-11,11.5,11.5,11.5,11.5
2019-09-12,11.854,11.854,11.854,11.854
2019-09-13,11.55,11.55,11.55,11.55
2019-09-16,11.854,11.854,11.854,11.854
2019-09-17,11.854,11.854,11.854,11.854
2019-09-18,11.854,11.854,11.854,11.854
2019-09-19,11.854,11.854,11.854,11.854
2019-09-20,11.55,11.55,11.55,11.55
2019-09-23,11.872,11.872,11.872,11.872
2019-09-24,11.872,11.872,11.872,11.872
2019-09-25,11.55,11.55,11.55,11.55
2019-09-26,11.55,11.55,11.55,11.55
2019-09-27,11.55,11.55,11.55,11.55
2019-09-30,11.55,11.55,11.55,11.55
2019-10-01,11.6,11.6,11.6,11.6
2019-10-02,11.6,11.6,11.6,11.6
2019-10-03,11.6,11.6,11.6,11.6
2019-10-04,11.6,11.6,11.6,11.6
2019-10-07,11.65,11.65,11.65,11.65
2019-10-08,11.65,11.65,11.65,11.65
2019-10-09,11.65,11.65,11.65,11.65
2019-10-10,11.65,11.65,11.65,11.65
2019-10-11,11.65,11.65,11.65,11.65
2019-10-14,11.65,11.65,11.65,11.65
2019-10-15,11.65,11.65,11.65,11.65
2019-10-16,11.65,11.65,11.65,11.65
2019-10-17,11.65,11.65,11.65,11.65
2019-10-18,11.872,11.872,11.872,11.872
2019-10-21,11.892,11.892,11.892,11.892
2019-10-22,11.559,11.559,11.559,11.559
2019-10-23,11.55,11.55,11.55,11.55
2019-10-24,11.55,11.55,11.55,11.55
2019-10-25,11.55,11.55,11.55,11.55
2019-10-28,11.55,11.55,11.55,11.55
2019-10-29,11.55,11.55,11.55,11.55
2019-10-30,11.55,11.55,11.55,11.55
2019-10-31,11.55,11.55,11.55,11.55
2019-11-01,11.75,11.75,11.75,11.75
2019-11-04,11.75,11.75,11.75,11.75
2019-11-05,11.75,11.75,11.75,11.75
2019-11-06,11.75,11.75,11.75,11.75
2019-11-07,11.75,11.75,11.75,11.75
2019-11-08,11.75,11.75,11.75,11.75
2019-11-11,11.75,11.75,11.75,11.75
2019-11-12,11.75,11.75,11.75,11.75
2019-11-13,11.958,11.958,11.958,11.958
2019-11-14,11.958,11.958,11.958,11.958
2019-11-15,11.75,11.75,11.75,11.75
2019-11-18,11.75,11.75,11.75,11.75
2019-11-19,11.75,11.75,11.75,11.75
2019-11-20,11.75,11.75,11.75,11.75
2019-11-21,11.731,11.731,11.731,11.731
2019-11-22,12.3,12.3,12.3,12.3
2019-11-25,11.95,11.95,11.95,11.95
2019-11-26,12.381,12.381,12.381,12.381
2019-11-27,12.381,12.381,12.381,12.381
2019-11-28,12.349,12.349,12.349,12.349
2019-11-29,11.95,11.95,11.95,11.95
2019-12-02,12.2,12.2,12.2,12.2
2019-12-03,12.415,12.415,12.415,12.415
2019-12-04,12.415,12.415,12.415,12.415
2019-12-05,12.415,12.415,12.415,12.415
2019-12-06,12.465,12.465,12.465,12.465
2019-12-09,12.2,12.2,12.2,12.2
2019-12-10,12.2,12.2,12.2,12.2
2019-12-11,12.2,12.2,12.2,12.2
2019-12-12,12.476,12.476,12.476,12.476
2019-12-13,12.486,12.486,12.486,12.486
2019-12-16,12.486,12.486,12.486,12.486
2019-12-17,12.2,12.2,12.2,12.2
2019-12-18,12.2,12.2,12.2,12.2
2019-12-19,12.2,12.2,12.2,12.2
2019-12-20,12.2,12.2,12.2,12.2
2019-12-23,12.2,12.2,12.2,12.2
2019-12-24,12.2,12.2,12.2,12.2
2019-12-25,12.488,12.488,12.488,12.488
2019-12-26,12.488,12.488,12.488,12.488
2019-12-27,12.2,12.2,12.2,12.2
2019-12-30,12.486,12.486,12.486,12.486
2019-12-31,12.2,12.2,12.2,12.2
2020-01-01,12.488,12.488,12.488,12.488
2020-01-02,12.46,12.46,12.46,12.46
2020-01-03,12.46,12.46,12.46,12.46
2020-01-06,12.2,12.2,12.2,12.2
2020-01-07,12.2,12.2,12.2,12.2
2020-01-08,12.2,12.2,12.2,12.2
2020-01-09,12.46,12.46,12.46,12.46
2020-01-10,12.2,12.2,12.2,12.2
2020-01-13,12.46,12.46,12.46,12.46
2020-01-14,12.46,12.46,12.46,12.46
2020-01-15,12,12,12,12
2020-01-16,12,12,12,12
2020-01-17,12,12,12,12
2020-01-20,12,12,12,12
2020-01-21,12.1,12.1,12.1,12.1
2020-01-22,12.43,12.43,12.43,12.43
2020-01-23,12.43,12.43,12.43,12.43
2020-01-24,12.1,12.1,12.1,12.1
2020-01-27,12.5,12.5,12.5,12.5
2020-01-28,12.5,12.5,12.5,12.5
2020-01-29,12.5,12.5,12.5,12.5
2020-01-30,12.5,12.5,12.5,12.5
2020-01-31,12.5,12.5,12.5,12.5
2020-02-03,12.4,12.4,12.4,12.4
2020-02-04,12.4,12.4,12.4,12.4
2020-02-05,12.4,12.4,12.4,12.4
2020-02-06,12.4,12.4,12.4,12.4
2020-02-07,12.4,12.4,12.4,12.4
2020-02-10,12.3,12.3,12.3,12.3
2020-02-11,12.3,12.3,12.3,12.3
2020-02-12,12.3,12.3,12.3,12.3
2020-02-13,12.3,12.3,12.3,12.3
2020-02-14,12.3,12.3,12.3,12.3
2020-02-17,12.45,12.45,12.45,12.45
2020-02-18,12.45,12.45,12.45,12.45
2020-02-19,12.45,12.45,12.45,12.45
2020-02-20,12.45,12.45,12.45,12.45
2020-02-21,12.45,12.45,12.45,12.45
2020-02-24,12.35,12.35,12.35,12.35
2020-02-25,12.35,12.35,12.35,12.35
2020-02-26,12.35,12.35,12.35,12.35
2020-02-27,12.65,12.65,12.65,12.65
2020-02-28,12.35,12.35,12.35,12.35
2020-03-02,12.35,12.35,12.35,12.35
2020-03-03,12.35,12.35,12.35,12.35
2020-03-04,12.35,12.35,12.35,12.35
2020-03-05,12.35,12.35,12.35,12.35
2020-03-06,12.35,12.35,12.35,12.35
2020-03-09,12.4,12.4,12.4,12.4
2020-03-10,12.4,12.4,12.4,12.4
2020-03-11,12.4,12.4,12.4,12.4
2020-03-12,12.4,12.4,12.4,12.4
2020-03-13,12.4,12.4,12.4,12.4
2020-03-16,12.35,12.35,12.35,12.35
2020-03-17,12.35,12.35,12.35,12.35
2020-03-18,12.35,12.35,12.35,12.35
2020-03-19,12.35,12.35,12.35,12.35
2020-03-20,12.35,12.35,12.35,12.35
2020-03-23,12.35,12.35,12.35,12.35
2020-03-24,12.35,12.35,12.35,12.35
2020-03-25,12.35,12.35,12.35,12.35
2020-03-26,12.35,12.35,12.35,12.35
2020-03-27,12.35,12.35,12.35,12.35
2020-03-30,12.25,12.25,12.25,12.25
2020-03-31,12.7,12.7,12.7,12.7
2020-04-01,12.25,12.25,12.25,12.25
2020-04-02,12.3,12.3,12.3,12.3
2020-04-03,12.7,12.7,12.7,12.7
2020-04-06,12.3,12.3,12.3,12.3
2020-04-07,12.3,12.3,12.3,12.3
2020-04-08,12.3,12.3,12.3,12.3
2020-04-09,12.3,12.3,12.3,12.3
2020-04-10,12.613,12.613,12.613,12.613
2020-04-13,12.613,12.613,12.613,12.613
2020-04-14,12.25,12.25,12.25,12.25
2020-04-15,12.45,12.45,12.45,12.45
2020-04-16,12.7,12.7,12.7,12.7
2020-04-17,12.25,12.25,12.25,12.25
2020-04-20,12.25,12.25,12.25,12.25
2020-04-21,12.3,12.3,12.3,12.3
2020-04-22,12.3,12.3,12.3,12.3
2020-04-23,12.3,12.3,12.3,12.3
2020-04-24,12.3,12.3,12.3,12.3
2020-04-27,12.3,12.3,12.3,12.3
2020-04-28,12.7,12.7,12.7,12.7
2020-04-29,12.35,12.35,12.35,12.35
2020-04-30,12.3,12.3,12.3,12.3
2020-05-01,12.613,12.613,12.613,12.613
2020-05-04,12.3,12.3,12.3,12.3
2020-05-05,12.7,12.7,12.7,12.7
2020-05-06,12.2,12.2,12.2,12.2
2020-05-07,12.2,12.2,12.2,12.2
2020-05-08,12.7,12.7,12.7,12.7
2020-05-11,12.2,12.2,12.2,12.2
2020-05-12,12.25,12.25,12.25,12.25
2020-05-13,12.65,12.65,12.65,12.65
2020-05-14,12.25,12.25,12.25,12.25
2020-05-15,12.25,12.25,12.25,12.25
2020-05-18,12.25,12.25,12.25,12.25
2020-05-19,12.25,12.25,12.25,12.25
2020-05-20,12.25,12.25,12.25,12.25
2020-05-21,12.25,12.25,12.25,12.25
2020-05-22,12.25,12.25,12.25,12.25
2020-05-25,12.557,12.557,12.557,12.557
2020-05-26,12.2,12.2,12.2,12.2
2020-05-27,12.7,12.7,12.7,12.7
2020-05-28,12.2,12.2,12.2,12.2
2020-05-29,12.2,12.2,12.2,12.2
2020-06-01,12.505,12.505,12.505,12.505
2020-06-02,12.2,12.2,12.2,12.2
2020-06-03,12.2,12.2,12.2,12.2
2020-06-04,12.2,12.2,12.2,12.2
2020-06-05,12.2,12.2,12.2,12.2
2020-06-08,12.2,12.2,12.2,12.2
2020-06-09,12.2,12.2,12.2,12.2
2020-06-10,12.2,12.2,12.2,12.2
2020-06-11,12.7,12.7,12.7,12.7
2020-06-12,12.25,12.25,12.25,12.25
2020-06-15,12.25,12.25,12.25,12.25
2020-06-16,12.35,12.35,12.35,12.35
2020-06-17,12.35,12.35,12.35,12.35
2020-06-18,12.65,12.65,12.65,12.65
2020-06-19,12.65,12.65,12.65,12.65
2020-06-22,12.55,12.55,12.55,12.55
2020-06-23,12.55,12.55,12.55,12.55
2020-06-24,12.55,12.55,12.55,12.55
2020-06-25,12.55,12.55,12.55,12.55
2020-06-26,12.3,12.3,12.3,12.3
2020-06-29,12.55,12.55,12.55,12.55
2020-06-30,12.45,12.45,12.45,12.45
2020-07-01,12.45,12.45,12.45,12.45
2020-07-02,12.1,12.1,12.1,12.1
2020-07-03,12.1,12.1,12.1,12.1
2020-07-06,12.05,12.05,12.05,12.05
2020-07-07,12.45,12.45,12.45,12.45
2020-07-08,12,12,12,12
2020-07-09,12.05,12.05,12.05,12.05
2020-07-10,12.05,12.05,12.05,12.05
2020-07-13,12.05,12.05,12.05,12.05
2020-07-14,12.45,12.45,12.45,12.45
2020-07-15,12.45,12.45,12.45,12.45
2020-07-16,12.45,12.45,12.45,12.45
2020-07-17,11.95,11.95,11.95,11.95
2020-07-20,11.9,11.9,11.9,11.9
2020-07-21,11.9,11.9,11.9,11.9
2020-07-22,11.9,11.9,11.9,11.9
2020-07-23,11.9,11.9,11.9,11.9
2020-07-24,11.9,11.9,11.9,11.9
2020-07-27,11.65,11.65,11.65,11.65
2020-07-28,11.65,11.65,11.65,11.65
2020-07-29,11.65,11.65,11.65,11.65
2020-07-30,11.65,11.65,11.65,11.65
2020-07-31,11.921,11.921,11.921,11.921
2020-08-03,11.6,11.6,11.6,11.6
2020-08-04,11.6,11.6,11.6,11.6
2020-08-05,11.6,11.6,11.6,11.6
2020-08-06,11.6,11.6,11.6,11.6
2020-08-07,11.6,11.6,11.6,11.6
2020-08-10,11.65,11.65,11.65,11.65
2020-08-11,11.65,11.65,11.65,11.65
2020-08-12,11.65,11.65,11.65,11.65
2020-08-13,11.65,11.65,11.65,11.65
2020-08-14,11.65,11.65,11.65,11.65
2020-08-17,11.6,11.6,11.6,11.6
2020-08-18,11.6,11.6,11.6,11.6
2020-08-19,11.6,11.6,11.6,11.6
2020-08-20,11.6,11.6,11.6,11.6
2020-08-21,11.6,11.6,11.6,11.6
2020-08-24,11.65,11.65,11.65,11.65
2020-08-25,11.65,11.65,11.65,11.65
2020-08-26,11.65,11.65,11.65,11.65
2020-08-27,11.65,11.65,11.65,11.65
2020-08-28,11.65,11.65,11.65,11.65
2020-08-31,11.65,11.65,11.65,11.65
2020-09-01,11.65,11.65,11.65,11.65
2020-09-02,11.65,11.65,11.65,11.65
2020-09-03,11.65,11.65,11.65,11.65
2020-09-04,11.65,11.65,11.65,11.65
2020-09-07,11.8,11.8,11.8,11.8
2020-09-08,11.8,11.8,11.8,11.8
2020-09-09,11.8,11.8,11.8,11.8
2020-09-10,11.8,11.8,11.8,11.8
2020-09-11,11.8,11.8,11.8,11.8
2020-09-14,11.6,11.6,11.6,11.6
2020-09-15,11.6,11.6,11.6,11.6
2020-09-16,11.6,11.6,11.6,11.6
2020-09-17,11.6,11.6,11.6,11.6
2020-09-18,11.6,11.6,11.6,11.6
2020-09-21,11.97,11.97,11.97,11.97
2020-09-22,11.75,11.75,11.75,11.75
2020-09-23,11.75,11.75,11.75,11.75
2020-09-24,11.75,11.75,11.75,11.75
2020-09-25,11.75,11.75,11.75,11.75
2020-09-28,11.97,11.97,11.97,11.97
2020-09-29,11.75,11.75,11.75,11.75
2020-09-30,11.75,11.75,11.75,11.75
2020-10-01,11.6,11.6,11.6,11.6
2020-10-02,11.6,11.6,11.6,11.6
2020-10-05,11.97,11.97,11.97,11.97
2020-10-06,11.97,11.97,11.97,11.97
2020-10-07,11.6,11.6,11.6,11.6
2020-10-08,11.6,11.6,11.6,11.6
2020-10-09,11.6,11.6,11.6,11.6
2020-10-12,11.7,11.7,11.7,11.7
2020-10-13,11.7,11.7,11.7,11.7
2020-10-14,11.7,11.7,11.7,11.7
2020-10-15,11.7,11.7,11.7,11.7
2020-10-16,11.7,11.7,11.7,11.7
2020-10-19,12.17,12.17,12.17,12.17
2020-10-20,12.188,12.188,12.188,12.188
2020-10-21,11.9,11.9,11.9,11.9
2020-10-22,11.9,11.9,11.9,11.9
2020-10-23,11.9,11.9,11.9,11.9
2020-10-26,11.75,11.75,11.75,11.75
2020-10-27,11.75,11.75,11.75,11.75
2020-10-28,11.75,11.75,11.75,11.75
2020-10-29,11.75,11.75,11.75,11.75
2020-10-30,11.75,11.75,11.75,11.75
2020-11-02,11.6,11.6,11.6,11.6
2020-11-03,11.6,11.6,11.6,11.6
2020-11-04,11.6,11.6,11.6,11.6
2020-11-05,11.6,11.6,11.6,11.6
2020-11-06,11.6,11.6,11.6,11.6
2020-11-09,11.6,11.6,11.6,11.6
2020-11-10,11.6,11.6,11.6,11.6
2020-11-11,11.6,11.6,11.6,11.6
2020-11-12,11.6,11.6,11.6,11.6
2020-11-13,11.6,11.6,11.6,11.6
2020-11-16,11.55,11.55,11.55,11.55
2020-11-17,11.55,11.55,11.55,11.55
2020-11-18,11.55,11.55,11.55,11.55
2020-11-19,12.03,12.03,12.03,12.03
2020-11-20,12.03,12.03,12.03,12.03
2020-11-23,11.8,11.8,11.8,11.8
2020-11-24,12.1,12.1,12.1,12.1
2020-11-25,11.8,11.8,11.8,11.8
2020-11-26,11.8,11.8,11.8,11.8
2020-11-27,11.8,11.8,11.8,11.8
2020-11-30,11.75,11.75,11.75,11.75
2020-12-01,11.75,11.75,11.75,11.75
2020-12-02,12.1,12.1,12.1,12.1
2020-12-03,11.75,11.75,11.75,11.75
2020-12-04,11.75,11.75,11.75,11.75
2020-12-07,11.7,11.7,11.7,11.7
2020-12-08,11.7,11.7,11.7,11.7
2020-12-09,11.7,11.7,11.7,11.7
2020-12-10,11.7,11.7,11.7,11.7
2020-12-11,11.7,11.7,11.7,11.7
2020-12-14,11.7,11.7,11.7,11.7
2020-12-15,12.2,12.2,12.2,12.2
2020-12-16,12.2,12.2,12.2,12.2
2020-12-17,11.7,11.7,11.7,11.7
2020-12-18,11.7,11.7,11.7,11.7
2020-12-21,11.7,11.7,11.7,11.7
2020-12-22,11.7,11.7,11.7,11.7
2020-12-23,11.7,11.7,11.7,11.7
2020-12-24,11.7,11.7,11.7,11.7
2020-12-25,11.975,11.975,11.975,11.975
2020-12-28,11.7,11.7,11.7,11.7
2020-12-29,11.7,11.7,11.7,11.7
2020-12-30,11.7,11.7,11.7,11.7
2020-12-31,11.7,11.7,11.7,11.7
2021-01-04,11.7,11.7,11.7,11.7
2021-01-05,12.2,12.2,12.2,12.2
2021-01-06,12.2,12.2,12.2,12.2
2021-01-07,12.2,12.2,12.2,12.2
2021-01-08,12.2,12.2,12.2,12.2
2021-01-11,11.85,11.85,11.85,11.85
2021-01-12,11.85,11.85,11.85,11.85
2021-01-13,11.85,11.85,11.85,11.85
2021-01-14,11.85,11.85,11.85,11.85
2021-01-15,11.85,11.85,11.85,11.85
2021-01-18,11.85,11.85,11.85,11.85
2021-01-19,12.15,12.15,12.15,12.15
2021-01-20,11.85,11.85,11.85,11.85
2021-01-21,11.85,11.85,11.85,11.85
2021-01-22,11.85,11.85,11.85,11.85
2021-01-25,11.85,11.85,11.85,11.85
2021-01-26,12.15,12.15,12.15,12.15
2021-01-27,11.85,11.85,11.85,11.85
2021-01-28,11.85,11.85,11.85,11.85
2021-01-29,11.85,11.85,11.85,11.85
2021-02-01,11.8,11.8,11.8,11.8
2021-02-02,12.15,12.15,12.15,12.15
2021-02-03,11.8,11.8,11.8,11.8
2021-02-04,11.8,11.8,11.8,11.8
2021-02-05,11.8,11.8,11.8,11.8
2021-02-08,12.3,12.3,12.3,12.3
2021-02-09,12.3,12.3,12.3,12.3
2021-02-10,12.3,12.3,12.3,12.3
2021-02-11,12.3,12.3,12.3,12.3
2021-02-12,12.3,12.3,12.3,12.3
2021-02-15,12.2,12.2,12.2,12.2
2021-02-16,12.2,12.2,12.2,12.2
2021-02-17,12.2,12.2,12.2,12.2
2021-02-18,12.2,12.2,12.2,12.2
2021-02-19,12.2,12.2,12.2,12.2
2021-02-22,12.65,12.65,12.65,12.65
2021-02-23,12.2,12.2,12.2,12.2
2021-02-24,12.25,12.25,12.25,12.25
2021-02-25,12.2,12.2,12.2,12.2
2021-02-26,12.2,12.2,12.2,12.2
2021-03-01,12.44,12.44,12.44,12.44
2021-03-02,12.44,12.44,12.44,12.44
2021-03-03,12.3,12.3,12.3,12.3
2021-03-04,12.628,12.628,12.628,12.628
2021-03-05,12.25,12.25,12.25,12.25
2021-03-08,12.25,12.25,12.25,12.25
2021-03-09,12.25,12.25,12.25,12.25
2021-03-10,12.25,12.25,12.25,12.25
2021-03-11,12.25,12.25,12.25,12.25
2021-03-12,12.25,12.25,12.25,12.25
2021-03-15,12.793,12.793,12.793,12.793
2021-03-16,12.5,12.5,12.5,12.5
2021-03-17,12.45,12.45,12.45,12.45
2021-03-18,12.45,12.45,12.45,12.45
2021-03-19,12.45,12.45,12.45,12.45
2021-03-22,12.35,12.35,12.35,12.35
2021-03-23,12.35,12.35,12.35,12.35
2021-03-24,12.35,12.35,12.35,12.35
2021-03-25,12.35,12.35,12.35,12.35
2021-03-26,12.35,12.35,12.35,12.35
2021-03-29,12.4,12.4,12.4,12.4
2021-03-30,12.4,12.4,12.4,12.4
2021-03-31,12.4,12.4,12.4,12.4
2021-04-01,12.35,12.35,12.35,12.35
2021-04-02,13.148,13.148,13.148,13.148
2021-04-05,13.148,13.148,13.148,13.148
2021-04-06,12.35,12.35,12.35,12.35
2021-04-07,12.35,12.35,12.35,12.35
2021-04-08,12.35,12.35,12.35,12.35
2021-04-09,12.8,12.8,12.8,12.8
2021-04-12,12.815,12.815,12.815,12.815
2021-04-13,12.45,12.45,12.45,12.45
2021-04-14,12.45,12.45,12.45,12.45
2021-04-15,12.45,12.45,12.45,12.45
2021-04-16,12.45,12.45,12.45,12.45
2021-04-19,12.425,12.425,12.425,12.425
2021-04-20,12.863,12.863,12.863,12.863
2021-04-21,12.863,12.863,12.863,12.863
2021-04-22,12.863,12.863,12.863,12.863
2021-04-23,12.863,12.863,12.863,12.863
2021-04-26,12.425,12.425,12.425,12.425
2021-04-27,12.87,12.87,12.87,12.87
2021-04-28,12.851,12.851,12.851,12.851
2021-04-29,12.851,12.851,12.851,12.851
2021-04-30,12.851,12.851,12.851,12.851
2021-05-03,12.39,12.39,12.39,12.39
2021-05-04,12.844,12.844,12.844,12.844
2021-05-05,12.844,12.844,12.844,12.844
2021-05-06,12.844,12.844,12.844,12.844
2021-05-07,12.844,12.844,12.844,12.844
2021-05-10,12.812,12.812,12.812,12.812
2021-05-11,12.801,12.801,12.801,12.801
2021-05-12,12.801,12.801,12.801,12.801
2021-05-13,12.801,12.801,12.801,12.801
2021-05-14,13.148,13.148,13.148,13.148
2021-05-17,12.801,12.801,12.801,12.801
2021-05-18,12.801,12.801,12.801,12.801
2021-05-19,12.801,12.801,12.801,12.801
2021-05-20,12.801,12.801,12.801,12.801
2021-05-21,12.801,12.801,12.801,12.801
2021-05-24,12.816,12.816,12.816,12.816
2021-05-25,12.801,12.801,12.801,12.801
2021-05-26,12.816,12.816,12.816,12.816
2021-05-27,12.3,12.3,12.3,12.3
2021-05-28,12.3,12.3,12.3,12.3
2021-05-31,12.3,12.3,12.3,12.3
2021-06-01,13.13,13.13,13.13,13.13
2021-06-02,12.3,12.3,12.3,12.3
2021-06-03,12.771,12.771,12.771,12.771
2021-06-04,12.3,12.3,12.3,12.3
2021-06-07,12.771,12.771,12.771,12.771
2021-06-08,12.752,12.752,12.752,12.752
2021-06-09,12.3,12.3,12.3,12.3
2021-06-10,12.3,12.3,12.3,12.3
2021-06-11,12.3,12.3,12.3,12.3
2021-06-14,12.749,12.749,12.749,12.749
2021-06-15,12.749,12.749,12.749,12.749
2021-06-16,12.95,12.95,12.95,12.95
2021-06-17,12.95,12.95,12.95,12.95
2021-06-18,12.749,12.749,12.749,12.749
2021-06-21,12.814,12.814,12.814,12.814
2021-06-22,12.814,12.814,12.814,12.814
2021-06-23,12.798,12.798,12.798,12.798
2021-06-24,12.798,12.798,12.798,12.798
2021-06-25,12.798,12.798,12.798,12.798
2021-06-28,12.798,12.798,12.798,12.798
2021-06-29,12.95,12.95,12.95,12.95
2021-06-30,12.798,12.798,12.798,12.798
2021-07-01,12.3,12.3,12.3,12.3
2021-07-02,12.3,12.3,12.3,12.3
2021-07-05,12.651,12.651,12.651,12.651
2021-07-06,12.3,12.3,12.3,12.3
2021-07-07,12.651,12.651,12.651,12.651
2021-07-08,12.663,12.663,12.663,12.663
2021-07-09,12.663,12.663,12.663,12.663
2021-07-12,12.25,12.25,12.25,12.25
2021-07-13,12.25,12.25,12.25,12.25
2021-07-14,12.25,12.25,12.25,12.25
2021-07-15,12.25,12.25,12.25,12.25
2021-07-16,12.25,12.25,12.25,12.25
2021-07-19,12.4,12.4,12.4,12.4
2021-07-20,12.722,12.722,12.722,12.722
2021-07-21,12.679,12.679,12.679,12.679
2021-07-22,12.447,12.447,12.447,12.447
2021-07-23,12.675,12.675,12.675,12.675
2021-07-26,12.666,12.666,12.666,12.666
2021-07-27,12.666,12.666,12.666,12.666
2021-07-28,12.4,12.4,12.4,12.4
2021-07-29,12.666,12.666,12.666,12.666
2021-07-30,12.666,12.666,12.666,12.666
2021-08-02,12.3,12.3,12.3,12.3
2021-08-03,12.3,12.3,12.3,12.3
2021-08-04,12.3,12.3,12.3,12.3
2021-08-05,12.3,12.3,12.3,12.3
2021-08-06,12.3,12.3,12.3,12.3
2021-08-09,12.3,12.3,12.3,12.3
2021-08-10,12.705,12.705,12.705,12.705
2021-08-11,12.3,12.3,12.3,12.3
2021-08-12,12.3,12.3,12.3,12.3
2021-08-13,12.705,12.705,12.705,12.705
2021-08-16,12.35,12.35,12.35,12.35
2021-08-17,12.35,12.35,12.35,12.35
2021-08-18,12.667,12.667,12.667,12.667
2021-08-19,12.68,12.68,12.68,12.68
2021-08-20,12.35,12.35,12.35,12.35
2021-08-23,12.68,12.68,12.68,12.68
2021-08-24,12.68,12.68,12.68,12.68
2021-08-25,12.68,12.68,12.68,12.68
2021-08-26,12.3,12.3,12.3,12.3
2021-08-27,12.3,12.3,12.3,12.3
2021-08-30,12.667,12.667,12.667,12.667
2021-08-31,12.667,12.667,12.667,12.667
2021-09-01,12.671,12.671,12.671,12.671
2021-09-02,12.95,12.95,12.95,12.95
2021-09-03,12.35,12.35,12.35,12.35
2021-09-06,12.683,12.683,12.683,12.683
2021-09-07,12.683,12.683,12.683,12.683
2021-09-08,12.35,12.35,12.35,12.35
2021-09-09,12.35,12.35,12.35,12.35
2021-09-10,12.35,12.35,12.35,12.35
2021-09-13,12.3,12.3,12.3,12.3
2021-09-14,12.3,12.3,12.3,12.3
2021-09-15,12.95,12.95,12.95,12.95
2021-09-16,12.57,12.57,12.57,12.57
2021-09-17,12.57,12.57,12.57,12.57
2021-09-20,12.57,12.57,12.57,12.57
2021-09-21,12.56,12.56,12.56,12.56
2021-09-22,12.56,12.56,12.56,12.56
2021-09-23,12.25,12.25,12.25,12.25
2021-09-24,12.59,12.59,12.59,12.59
2021-09-27,12.61,12.61,12.61,12.61
2021-09-28,12.61,12.61,12.61,12.61
2021-09-29,12.61,12.61,12.61,12.61
2021-09-30,12.4,12.4,12.4,12.4
2021-10-01,12.61,12.61,12.61,12.61
2021-10-04,12.61,12.61,12.61,12.61
2021-10-05,12.61,12.61,12.61,12.61
2021-10-06,12.35,12.35,12.35,12.35
2021-10-07,12.6,12.6,12.6,12.6
2021-10-08,12.35,12.35,12.35,12.35
2021-10-11,12.936,12.936,12.936,12.936
2021-10-12,12.35,12.35,12.35,12.35
2021-10-13,12.35,12.35,12.35,12.35
2021-10-14,12.57,12.57,12.57,12.57
2021-10-15,12.57,12.57,12.57,12.57
2021-10-18,12.57,12.57,12.57,12.57
2021-10-19,12.54,12.54,12.54,12.54
2021-10-20,12.873,12.873,12.873,12.873
2021-10-21,12.54,12.54,12.54,12.54
2021-10-22,12.54,12.54,12.54,12.54
2021-10-25,12.25,12.25,12.25,12.25
2021-10-26,12.53,12.53,12.53,12.53
2021-10-27,12.54,12.54,12.54,12.54
2021-10-28,12.54,12.54,12.54,12.54
2021-10-29,12.25,12.25,12.25,12.25
2021-11-01,12.54,12.54,12.54,12.54
2021-11-02,12.56,12.56,12.56,12.56
2021-11-03,12.5,12.5,12.5,12.5
2021-11-04,12.95,12.95,12.95,12.95
2021-11-05,12.56,12.56,12.56,12.56
2021-11-08,12.56,12.56,12.56,12.56
2021-11-09,12.56,12.56,12.56,12.56
2021-11-10,12.56,12.56,12.56,12.56
2021-11-11,12.56,12.56,12.56,12.56
2021-11-12,12.56,12.56,12.56,12.56
2021-11-15,12.56,12.56,12.56,12.56
2021-11-16,12.61,12.61,12.61,12.61
2021-11-17,12.35,12.35,12.35,12.35
2021-11-18,12.35,12.35,12.35,12.35
2021-11-19,12.95,12.95,12.95,12.95
2021-11-22,12.447,12.447,12.447,12.447
2021-11-23,12.61,12.61,12.61,12.61
2021-11-24,12.61,12.61,12.61,12.61
2021-11-25,12.372,12.372,12.372,12.372
2021-11-26,12.61,12.61,12.61,12.61
2021-11-29,12.372,12.372,12.372,12.372
2021-11-30,12.451,12.451,12.451,12.451
2021-12-01,12.61,12.61,12.61,12.61
2021-12-02,12.64,12.64,12.64,12.64
2021-12-03,12.64,12.64,12.64,12.64
2021-12-06,12.502,12.502,12.502,12.502
2021-12-07,12.4,12.4,12.4,12.4
2021-12-08,12.646,12.646,12.646,12.646
2021-12-09,12.64,12.64,12.64,12.64
2021-12-10,12.65,12.65,12.65,12.65
2021-12-13,12.8,12.8,12.8,12.8
2021-12-14,12.415,12.415,12.415,12.415
2021-12-15,12.415,12.415,12.415,12.415
2021-12-16,12.7,12.7,12.7,12.7
2021-12-17,12.7,12.7,12.7,12.7
2021-12-20,12.7,12.7,12.7,12.7
2021-12-21,12.7,12.7,12.7,12.7
2021-12-22,12.7,12.7,12.7,12.7
2021-12-23,12.65,12.65,12.65,12.65
2021-12-24,12.65,12.65,12.65,12.65
2021-12-27,13.04,13.04,13.04,13.04
2021-12-28,12.55,12.55,12.55,12.55
2021-12-29,12.7,12.7,12.7,12.7
2021-12-30,12.82,12.82,12.82,12.82
2021-12-31,12.82,12.82,12.82,12.82
2022-01-03,12.82,12.82,12.82,12.82
2022-01-04,12.83,12.83,12.83,12.83
2022-01-05,12.55,12.55,12.55,12.55
2022-01-06,12.83,12.83,12.83,12.83
2022-01-07,12.83,12.83,12.83,12.83
2022-01-10,12.83,12.83,12.83,12.83
2022-01-11,12.83,12.83,12.83,12.83
2022-01-12,12.7,12.7,12.7,12.7
2022-01-13,12.7,12.7,12.7,12.7
2022-01-14,12.7,12.7,12.7,12.7
2022-01-17,13.179,13.179,13.179,13.179
2022-01-18,12.83,12.83,12.83,12.83
2022-01-19,12.7,12.7,12.7,12.7
2022-01-20,12.7,12.7,12.7,12.7
2022-01-21,12.83,12.83,12.83,12.83
2022-01-24,12.83,12.83,12.83,12.83
2022-01-25,12.9,12.9,12.9,12.9
2022-01-26,12.9,12.9,12.9,12.9
2022-01-27,12.9,12.9,12.9,12.9
2022-01-28,12.9,12.9,12.9,12.9
2022-01-31,12.9,12.9,12.9,12.9
2022-02-01,12.7,12.7,12.7,12.7
2022-02-02,12.88,12.88,12.88,12.88
2022-02-03,12.88,12.88,12.88,12.88
2022-02-04,12.7,12.7,12.7,12.7
2022-02-07,12.88,12.88,12.88,12.88
2022-02-08,12.7,12.7,12.7,12.7
2022-02-09,12.7,12.7,12.7,12.7
2022-02-10,12.91,12.91,12.91,12.91
2022-02-11,12.7,12.7,12.7,12.7
2022-02-14,12.8,12.8,12.8,12.8
2022-02-15,12.8,12.8,12.8,12.8
2022-02-16,12.785,12.785,12.785,12.785
2022-02-17,12.8,12.8,12.8,12.8
2022-02-18,12.92,12.92,12.92,12.92
2022-02-21,12.9,12.9,12.9,12.9
2022-02-22,12.65,12.65,12.65,12.65
2022-02-23,12.65,12.65,12.65,12.65
2022-02-24,12.785,12.785,12.785,12.785
2022-02-25,12.65,12.65,12.65,12.65
2022-02-28,12.75,12.75,12.75,12.75
2022-03-01,12.785,12.785,12.785,12.785
2022-03-02,12.75,12.75,12.75,12.75
2022-03-03,12.75,12.75,12.75,12.75
2022-03-04,12.785,12.785,12.785,12.785
2022-03-07,12.667,12.667,12.667,12.667
2022-03-08,12.98,12.98,12.98,12.98
2022-03-09,12.98,12.98,12.98,12.98
2022-03-10,12.98,12.98,12.98,12.98
2022-03-11,12.98,12.98,12.98,12.98
2022-03-14,12.98,12.98,12.98,12.98
2022-03-15,12.813,12.813,12.813,12.813
2022-03-16,13.02,13.02,13.02,13.02
2022-03-17,13.02,13.02,13.02,13.02
2022-03-18,13.02,13.02,13.02,13.02
2022-03-21,13.02,13.02,13.02,13.02
2022-03-22,13.02,13.02,13.02,13.02
2022-03-23,12.8,12.8,12.8,12.8
2022-03-24,13.02,13.02,13.02,13.02
2022-03-25,13.02,13.02,13.02,13.02
2022-03-28,13.02,13.02,13.02,13.02
2022-03-29,13.02,13.02,13.02,13.02
2022-03-30,13.02,13.02,13.02,13.02
2022-03-31,13.02,13.02,13.02,13.02
2022-04-01,13.02,13.02,13.02,13.02
2022-04-04,13.02,13.02,13.02,13.02
2022-04-05,13.02,13.02,13.02,13.02
2022-04-06,13.02,13.02,13.02,13.02
2022-04-07,13.02,13.02,13.02,13.02
2022-04-08,13.02,13.02,13.02,13.02
2022-04-11,13.02,13.02,13.02,13.02
2022-04-12,13.02,13.02,13.02,13.02
2022-04-13,13.02,13.02,13.02,13.02
2022-04-14,13.02,13.02,13.02,13.02
2022-04-15,13.384,13.384,13.384,13.384
2022-04-18,13.384,13.384,13.384,13.384
2022-04-19,13.02,13.02,13.02,13.02
2022-04-20,13.2,13.2,13.2,13.2
2022-04-21,13.2,13.2,13.2,13.2
2022-04-22,13.2,13.2,13.2,13.2
2022-04-25,13.2,13.2,13.2,13.2
2022-04-26,13.2,13.2,13.2,13.2
2022-04-27,13.18,13.18,13.18,13.18
2022-04-28,13.18,13.18,13.18,13.18
2022-04-29,13.18,13.18,13.18,13.18
2022-05-02,13.556,13.556,13.556,13.556
2022-05-03,13.555,13.555,13.555,13.555
2022-05-04,13.18,13.18,13.18,13.18
2022-05-05,13.18,13.18,13.18,13.18
2022-05-06,13.16,13.16,13.16,13.16
2022-05-09,13.16,13.16,13.16,13.16
2022-05-10,13.16,13.16,13.16,13.16
2022-05-11,13.16,13.16,13.16,13.16
2022-05-12,13.16,13.16,13.16,13.16
2022-05-13,13.16,13.16,13.16,13.16
2022-05-16,13.16,13.16,13.16,13.16
2022-05-17,13.56,13.56,13.56,13.56
2022-05-18,13.56,13.56,13.56,13.56
2022-05-19,13.56,13.56,13.56,13.56
2022-05-20,13.56,13.56,13.56,13.56
2022-05-23,13.56,13.56,13.56,13.56
2022-05-24,13.56,13.56,13.56,13.56
2022-05-25,13.56,13.56,13.56,13.56
2022-05-26,13.5,13.5,13.5,13.5
2022-05-27,13.5,13.5,13.5,13.5
2022-05-30,13.6,13.6,13.6,13.6
2022-05-31,13.56,13.56,13.56,13.56
2022-06-01,13.56,13.56,13.56,13.56
2022-06-02,13.6,13.6,13.6,13.6
2022-06-03,13.604,13.604,13.604,13.604
2022-06-06,13.6,13.6,13.6,13.6
2022-06-07,13.6,13.6,13.6,13.6
2022-06-08,13.6,13.6,13.6,13.6
2022-06-09,13.6,13.6,13.6,13.6
2022-06-10,13.6,13.6,13.6,13.6
2022-06-13,13.6,13.6,13.6,13.6
2022-06-14,13.5,13.5,13.5,13.5
2022-06-15,13.5,13.5,13.5,13.5
2022-06-16,13.5,13.5,13.5,13.5
2022-06-17,13.5,13.5,13.5,13.5
2022-06-20,13.6,13.6,13.6,13.6
2022-06-21,13.6,13.6,13.6,13.6
2022-06-22,13.6,13.6,13.6,13.6
2022-06-23,13.6,13.6,13.6,13.6
2022-06-24,13.75,13.75,13.75,13.75
2022-06-27,13.5,13.5,13.5,13.5
2022-06-28,13.5,13.5,13.5,13.5
2022-06-29,13.612,13.612,13.612,13.612
2022-06-30,13.75,13.75,13.75,13.75
2022-07-01,13.75,13.75,13.75,13.75
2022-07-04,13.75,13.75,13.75,13.75
2022-07-05,13.75,13.75,13.75,13.75
2022-07-06,13.75,13.75,13.75,13.75
2022-07-07,13.75,13.75,13.75,13.75
2022-07-08,13.75,13.75,13.75,13.75
2022-07-11,13.75,13.75,13.75,13.75
2022-07-12,13.75,13.75,13.75,13.75
2022-07-13,13.663,13.663,13.663,13.663
2022-07-14,13.662,13.662,13.662,13.662
2022-07-15,13.663,13.663,13.663,13.663
2022-07-18,13.57,13.57,13.57,13.57
2022-07-19,13.57,13.57,13.57,13.57
2022-07-20,13.664,13.664,13.664,13.664
2022-07-21,13.664,13.664,13.664,13.664
2022-07-22,13.664,13.664,13.664,13.664
2022-07-25,13.664,13.664,13.664,13.664
2022-07-26,13.664,13.664,13.664,13.664
2022-07-27,13.664,13.664,13.664,13.664
2022-07-28,13.664,13.664,13.664,13.664
2022-07-29,13.664,13.664,13.664,13.664
2022-08-01,13.664,13.664,13.664,13.664
2022-08-02,13.664,13.664,13.664,13.664
2022-08-03,13.664,13.664,13.664,13.664
2022-08-04,13.664,13.664,13.664,13.664
2022-08-05,13.81,13.81,13.81,13.81
2022-08-08,13.81,13.81,13.81,13.81
2022-08-09,13.81,13.81,13.81,13.81
2022-08-10,13.676,13.676,13.676,13.676
2022-08-11,13.81,13.81,13.81,13.81
2022-08-12,13.81,13.81,13.81,13.81
2022-08-15,13.81,13.81,13.81,13.81
2022-08-16,13.81,13.81,13.81,13.81
2022-08-17,13.81,13.81,13.81,13.81
2022-08-18,13.81,13.81,13.81,13.81
2022-08-19,13.81,13.81,13.81,13.81
2022-08-22,13.58,13.58,13.58,13.58
2022-08-23,13.81,13.81,13.81,13.81
2022-08-24,13.58,13.58,13.58,13.58
2022-08-25,13.81,13.81,13.81,13.81
2022-08-26,13.81,13.81,13.81,13.81
2022-08-29,13.81,13.81,13.81,13.81
2022-08-30,13.81,13.81,13.81,13.81
2022-08-31,13.81,13.81,13.81,13.81
2022-09-01,13.81,13.81,13.81,13.81
2022-09-02,13.71,13.71,13.71,13.71
2022-09-05,13.71,13.71,13.71,13.71
2022-09-06,13.71,13.71,13.71,13.71
2022-09-07,13.71,13.71,13.71,13.71
2022-09-08,13.71,13.71,13.71,13.71
2022-09-09,13.77,13.77,13.77,13.77
2022-09-12,13.77,13.77,13.77,13.77
2022-09-13,13.77,13.77,13.77,13.77
2022-09-14,13.77,13.77,13.77,13.77
2022-09-15,13.77,13.77,13.77,13.77
2022-09-16,13.77,13.77,13.77,13.77
2022-09-19,13.7,13.7,13.7,13.7
2022-09-20,13.7,13.7,13.7,13.7
2022-09-21,13.7,13.7,13.7,13.7
2022-09-22,13.7,13.7,13.7,13.7
2022-09-23,13.7,13.7,13.7,13.7
2022-09-26,13.71,13.71,13.71,13.71
2022-09-27,13.71,13.71,13.71,13.71
2022-09-28,13.71,13.71,13.71,13.71
2022-09-29,13.71,13.71,13.71,13.71
2022-09-30,13.71,13.71,13.71,13.71
2022-10-03,13.71,13.71,13.71,13.71
2022-10-04,13.87,13.87,13.87,13.87
2022-10-05,13.87,13.87,13.87,13.87
2022-10-06,13.87,13.87,13.87,13.87
2022-10-07,13.77,13.77,13.77,13.77
2022-10-10,13.77,13.77,13.77,13.77
2022-10-11,13.87,13.87,13.87,13.87
2022-10-12,13.87,13.87,13.87,13.87
2022-10-13,13.87,13.87,13.87,13.87
2022-10-14,13.87,13.87,13.87,13.87
2022-10-17,13.938,13.938,13.938,13.938
2022-10-18,13.87,13.87,13.87,13.87
2022-10-19,13.87,13.87,13.87,13.87
2022-10-20,13.87,13.87,13.87,13.87
2022-10-21,13.86,13.86,13.86,13.86
2022-10-24,13.799,13.799,13.799,13.799
2022-10-25,13.87,13.87,13.87,13.87
2022-10-26,13.87,13.87,13.87,13.87
2022-10-27,13.87,13.87,13.87,13.87
2022-10-28,13.87,13.87,13.87,13.87
2022-10-31,13.87,13.87,13.87,13.87
2022-11-01,13.87,13.87,13.87,13.87
2022-11-02,13.74,13.74,13.74,13.74
2022-11-03,13.799,13.799,13.799,13.799
2022-11-04,13.74,13.74,13.74,13.74
2022-11-07,13.84,13.84,13.84,13.84
2022-11-08,13.84,13.84,13.84,13.84
2022-11-09,13.84,13.84,13.84,13.84
2022-11-10,13.799,13.799,13.799,13.799
2022-11-11,13.84,13.84,13.84,13.84
2022-11-14,13.84,13.84,13.84,13.84
2022-11-15,13.84,13.84,13.84,13.84
2022-11-16,13.84,13.84,13.84,13.84
2022-11-17,13.84,13.84,13.84,13.84
2022-11-18,13.73,13.73,13.73,13.73
2022-11-21,13.73,13.73,13.73,13.73
2022-11-22,13.73,13.73,13.73,13.73
2022-11-23,13.73,13.73,13.73,13.73
2022-11-24,13.73,13.73,13.73,13.73
2022-11-25,13.73,13.73,13.73,13.73
2022-11-28,13.73,13.73,13.73,13.73
2022-11-29,13.863,13.863,13.863,13.863
2022-11-30,13.84,13.84,13.84,13.84
2022-12-01,13.84,13.84,13.84,13.84
2022-12-02,13.84,13.84,13.84,13.84
2022-12-05,13.84,13.84,13.84,13.84
2022-12-06,13.84,13.84,13.84,13.84
2022-12-07,13.849,13.849,13.849,13.849
2022-12-08,13.84,13.84,13.84,13.84
2022-12-09,13.84,13.84,13.84,13.84
2022-12-12,13.84,13.84,13.84,13.84
2022-12-13,13.84,13.84,13.84,13.84
2022-12-14,13.84,13.84,13.84,13.84
2022-12-15,13.84,13.84,13.84,13.84
2022-12-16,13.84,13.84,13.84,13.84
2022-12-19,13.84,13.84,13.84,13.84
2022-12-20,13.799,13.799,13.799,13.799
2022-12-21,13.84,13.84,13.84,13.84
2022-12-22,13.84,13.84,13.84,13.84
2022-12-23,13.84,13.84,13.84,13.84
2022-12-26,13.84,13.84,13.84,13.84
2022-12-27,13.84,13.84,13.84,13.84
2022-12-28,13.84,13.84,13.84,13.84
2022-12-29,13.84,13.84,13.84,13.84
2022-12-30,13.9,13.9,13.9,13.9
2023-01-02,13.9,13.9,13.9,13.9
2023-01-03,13.9,13.9,13.9,13.9
2023-01-04,13.9,13.9,13.9,13.9
2023-01-05,13.9,13.9,13.9,13.9
2023-01-06,13.9,13.9,13.9,13.9
2023-01-09,13.9,13.9,13.9,13.9
2023-01-10,13.9,13.9,13.9,13.9
2023-01-11,13.9,13.9,13.9,13.9
2023-01-12,13.855,13.855,13.855,13.855
2023-01-13,13.9,13.9,13.9,13.9
2023-01-16,13.92,13.92,13.92,13.92
2023-01-17,13.92,13.92,13.92,13.92
2023-01-18,13.92,13.92,13.92,13.92
2023-01-19,13.92,13.92,13.92,13.92
2023-01-20,13.92,13.92,13.92,13.92
2023-01-23,13.92,13.92,13.92,13.92
2023-01-24,13.86,13.86,13.86,13.86
2023-01-25,13.92,13.92,13.92,13.92
2023-01-26,13.92,13.92,13.92,13.92
2023-01-27,13.92,13.92,13.92,13.92
2023-01-30,13.92,13.92,13.92,13.92
2023-01-31,13.92,13.92,13.92,13.92
2023-02-01,13.92,13.92,13.92,13.92
2023-02-02,13.92,13.92,13.92,13.92
2023-02-03,13.92,13.92,13.92,13.92
2023-02-06,13.92,13.92,13.92,13.92
2023-02-07,13.92,13.92,13.92,13.92
2023-02-08,13.92,13.92,13.92,13.92
2023-02-09,13.92,13.92,13.92,13.92
2023-02-10,13.92,13.92,13.92,13.92
2023-02-13,13.92,13.92,13.92,13.92
2023-02-14,13.92,13.92,13.92,13.92
2023-02-15,13.92,13.92,13.92,13.92
2023-02-16,14,14,14,14
2023-02-17,14,14,14,14
2023-02-20,14,14,14,14
2023-02-21,14.26,14.26,14.26,14.26
2023-02-22,14.26,14.26,14.26,14.26
2023-02-23,14.26,14.26,14.26,14.26
2023-02-24,14.26,14.26,14.26,14.26
2023-02-27,14.26,14.26,14.26,14.26
2023-02-28,14.26,14.26,14.26,14.26
2023-03-01,14.25,14.25,14.25,14.25
2023-03-02,14.25,14.25,14.25,14.25
2023-03-03,14.25,14.25,14.25,14.25
2023-03-06,14.25,14.25,14.25,14.25
2023-03-07,14.25,14.25,14.25,14.25
2023-03-08,14.25,14.25,14.25,14.25
2023-03-09,14.25,14.25,14.25,14.25
2023-03-10,14.25,14.25,14.25,14.25
2023-03-13,14.25,14.25,14.25,14.25
2023-03-14,14.25,14.25,14.25,14.25
2023-03-15,14.25,14.25,14.25,14.25
2023-03-16,14.25,14.25,14.25,14.25
2023-03-17,14.25,14.25,14.25,14.25
2023-03-20,14.25,14.25,14.25,14.25
2023-03-21,14.25,14.25,14.25,14.25
2023-03-22,14.25,14.25,14.25,14.25
2023-03-23,14.25,14.25,14.25,14.25
2023-03-24,14.25,14.25,14.25,14.25
2023-03-27,14.25,14.25,14.25,14.25
2023-03-28,14.25,14.25,14.25,14.25
2023-03-29,14.27,14.27,14.27,14.27
2023-03-30,14.27,14.27,14.27,14.27
2023-03-31,14.27,14.27,14.27,14.27
2023-04-03,14.27,14.27,14.27,14.27
2023-04-04,14.26,14.26,14.26,14.26
2023-04-05,14.26,14.26,14.26,14.26
2023-04-06,14.26,14.26,14.26,14.26
2023-04-07,14.26,14.26,14.26,14.26
2023-04-10,14.26,14.26,14.26,14.26
2023-04-11,14.26,14.26,14.26,14.26
2023-04-12,14.26,14.26,14.26,14.26
2023-04-13,14.26,14.26,14.26,14.26
2023-04-14,14.26,14.26,14.26,14.26
2023-04-17,14.26,14.26,14.26,14.26
2023-04-18,14.26,14.26,14.26,14.26
2023-04-19,14.26,14.26,14.26,14.26
2023-04-20,14.26,14.26,14.26,14.26
2023-04-21,14.26,14.26,14.26,14.26
2023-04-24,14.26,14.26,14.26,14.26
2023-04-25,14.26,14.26,14.26,14.26
2023-04-26,14.34,14.34,14.34,14.34
2023-04-27,14.34,14.34,14.34,14.34
2023-04-28,14.34,14.34,14.34,14.34
2023-05-01,14.34,14.34,14.34,14.34
2023-05-02,14.34,14.34,14.34,14.34
2023-05-03,14.34,14.34,14.34,14.34
2023-05-04,14.34,14.34,14.34,14.34
2023-05-05,14.34,14.34,14.34,14.34
2023-05-08,14.34,14.34,14.34,14.34
2023-05-09,14.34,14.34,14.34,14.34
2023-05-10,14.34,14.34,14.34,14.34
2023-05-11,14.34,14.34,14.34,14.34
2023-05-12,14.34,14.34,14.34,14.34
2023-05-15,14.351,14.351,14.351,14.351
2023-05-16,14.3,14.3,14.3,14.3
2023-05-17,14.3,14.3,14.3,14.3
2023-05-18,14.39,14.39,14.39,14.39
2023-05-19,14.39,14.39,14.39,14.39
2023-05-22,14.39,14.39,14.39,14.39
2023-05-23,14.39,14.39,14.39,14.39
2023-05-24,14.435,14.435,14.435,14.435
2023-05-25,14.39,14.39,14.39,14.39
2023-05-26,14.39,14.39,14.39,14.39
2023-05-29,14.39,14.39,14.39,14.39
2023-05-30,14.39,14.39,14.39,14.39
2023-05-31,14.567,14.567,14.567,14.567
2023-06-01,14.567,14.567,14.567,14.567
2023-06-02,14.52,14.52,14.52,14.52
2023-06-05,14.52,14.52,14.52,14.52
2023-06-06,14.52,14.52,14.52,14.52
2023-06-07,14.51,14.51,14.51,14.51
2023-06-08,14.51,14.51,14.51,14.51
2023-06-09,14.51,14.51,14.51,14.51
2023-06-12,14.576,14.576,14.576,14.576
2023-06-13,14.53,14.53,14.53,14.53
2023-06-14,14.623,14.623,14.623,14.623
2023-06-15,14.57,14.57,14.57,14.57
2023-06-16,14.623,14.623,14.623,14.623
2023-06-19,14.57,14.57,14.57,14.57
2023-06-20,14.57,14.57,14.57,14.57
2023-06-21,14.623,14.623,14.623,14.623
2023-06-22,14.623,14.623,14.623,14.623
2023-06-23,14.57,14.57,14.57,14.57
2023-06-26,14.614,14.614,14.614,14.614
2023-06-27,14.56,14.56,14.56,14.56
2023-06-28,14.56,14.56,14.56,14.56
2023-06-29,14.56,14.56,14.56,14.56
2023-06-30,14.614,14.614,14.614,14.614
2023-07-03,14.56,14.56,14.56,14.56
2023-07-04,14.689,14.689,14.689,14.689
2023-07-05,14.689,14.689,14.689,14.689
2023-07-06,14.64,14.64,14.64,14.64
2023-07-07,14.816,14.816,14.816,14.816
2023-07-10,14.77,14.77,14.77,14.77
2023-07-11,14.77,14.77,14.77,14.77
2023-07-12,15.05,15.05,15.05,15.05
2023-07-13,15,15,15,15
2023-07-14,15.05,15.05,15.05,15.05
2023-07-17,15.15,15.15,15.15,15.15
2023-07-18,15.069,15.069,15.069,15.069
2023-07-19,15.17,15.17,15.17,15.17
2023-07-20,15.17,15.17,15.17,15.17
2023-07-21,15.332,15.332,15.332,15.332
2023-07-24,15.43,15.43,15.43,15.43
2023-07-25,15.332,15.332,15.332,15.332
2023-07-26,15.332,15.332,15.332,15.332
2023-07-27,15.332,15.332,15.332,15.332
2023-07-28,15.43,15.43,15.43,15.43
2023-07-31,15.502,15.502,15.502,15.502
2023-08-01,15.6,15.6,15.6,15.6
2023-08-02,15.379,15.379,15.379,15.379
2023-08-03,15.48,15.48,15.48,15.48
2023-08-04,15.48,15.48,15.48,15.48
2023-08-07,15.48,15.48,15.48,15.48
2023-08-08,15.379,15.379,15.379,15.379
2023-08-09,15.4,15.4,15.4,15.4
2023-08-10,15.71,15.71,15.71,15.71
2023-08-11,15.71,15.71,15.71,15.71
2023-08-14,15.71,15.71,15.71,15.71
2023-08-15,15.605,15.605,15.605,15.605
2023-08-16,15.605,15.605,15.605,15.605
2023-08-17,15.71,15.71,15.71,15.71
2023-08-18,15.605,15.605,15.605,15.605
2023-08-21,15.718,15.718,15.718,15.718
2023-08-22,15.718,15.718,15.718,15.718
2023-08-23,15.82,15.82,15.82,15.82
2023-08-24,15.82,15.82,15.82,15.82
2023-08-25,15.82,15.82,15.82,15.82
2023-08-28,15.91,15.91,15.91,15.91
2023-08-29,15.91,15.91,15.91,15.91
2023-08-30,15.91,15.91,15.91,15.91
2023-08-31,15.91,15.91,15.91,15.91
2023-09-01,15.91,15.91,15.91,15.91
2023-09-04,16.003,16.003,16.003,16.003
2023-09-05,16.002,16.002,16.002,16.002
2023-09-06,16.1,16.1,16.1,16.1
2023-09-07,15.918,15.918,15.918,15.918
2023-09-08,15.918,15.918,15.918,15.918
2023-09-11,16.02,16.02,16.02,16.02
2023-09-12,16.02,16.02,16.02,16.02
2023-09-13,16.02,16.02,16.02,16.02
2023-09-14,16.012,16.012,16.012,16.012
2023-09-15,16.11,16.11,16.11,16.11
2023-09-18,16.11,16.11,16.11,16.11
2023-09-19,16.11,16.11,16.11,16.11
2023-09-20,16.11,16.11,16.11,16.11
2023-09-21,16.12,16.12,16.12,16.12
2023-09-22,16.12,16.12,16.12,16.12
2023-09-25,16.12,16.12,16.12,16.12
2023-09-26,16.04,16.04,16.04,16.04
2023-09-27,16.04,16.04,16.04,16.04
2023-09-28,16.04,16.04,16.04,16.04
2023-09-29,16.14,16.14,16.14,16.14
2023-10-02,16.14,16.14,16.14,16.14
2023-10-03,16.19,16.19,16.19,16.19
2023-10-04,16.19,16.19,16.19,16.19
2023-10-05,16.19,16.19,16.19,16.19
2023-10-06,16.19,16.19,16.19,16.19
2023-10-09,16.19,16.19,16.19,16.19
2023-10-11,16.19,16.19,16.19,16.19
2023-10-12,16.087,16.087,16.087,16.087
2023-10-13,16.18,16.18,16.18,16.18
2023-10-16,16.125,16.125,16.125,16.125
2023-10-17,16.23,16.23,16.23,16.23
2023-10-18,16.23,16.23,16.23,16.23
2023-10-19,16.23,16.23,16.23,16.23
2023-10-23,16.125,16.125,16.125,16.125
2023-10-24,16.22,16.22,16.22,16.22
2023-10-25,16.22,16.22,16.22,16.22
2023-10-26,16.22,16.22,16.22,16.22
2023-10-27,16.832,16.832,16.832,16.832
2023-10-30,16.826,16.837,16.723,16.837
2023-10-31,16.837,16.837,16.835,16.836
2023-11-01,16.835,16.835,16.834,16.834
2023-11-02,16.834,16.835,16.834,16.835
2023-11-03,16.835,16.835,16.835,16.835
2023-11-06,16.721,16.834,16.721,16.833
2023-11-07,16.834,16.834,16.831,16.831
2023-11-08,16.831,16.831,16.831,16.831
2023-11-09,16.831,16.831,16.831,16.831
2023-11-10,16.831,16.831,16.831,16.831
2023-11-13,16.831,18.354,16.831,18.354
2023-11-14,18.354,18.354,18.354,18.354
2023-11-15,18.354,18.354,18.343,18.343
2023-11-16,18.343,18.343,18.125,18.125
2023-11-17,18.125,18.125,18.016,18.016
2023-11-20,18.016,18.016,18.016,18.016
2023-11-21,18.016,18.016,17.799,17.799
2023-11-22,17.799,17.799,17.799,17.799
2023-11-23,17.799,17.809,17.799,17.809
2023-11-24,17.809,17.809,17.809,17.809
2023-11-27,17.809,17.809,17.809,17.809
2023-11-28,17.809,17.809,17.809,17.809
2023-11-29,17.809,17.809,17.809,17.809
2023-11-30,17.809,18.628,17.809,18.628
2023-12-01,18.627,18.628,18.627,18.628
2023-12-04,18.627,18.627,18.354,18.354
2023-12-05,18.355,18.355,18.355,18.355
2023-12-06,18.355,18.355,18.355,18.355
2023-12-07,18.355,18.355,18.355,18.355
2023-12-08,18.355,18.355,18.355,18.355
2023-12-11,18.355,18.453,18.355,18.453
2023-12-12,18.453,18.453,18.453,18.453
2023-12-13,18.453,18.453,18.453,18.453
2023-12-14,18.453,18.453,18.453,18.453
2023-12-15,18.453,18.453,18.453,18.453
2023-12-18,18.453,18.453,18.453,18.453
2023-12-19,18.453,18.454,18.453,18.454
2023-12-20,18.453,18.454,18.453,18.454
2023-12-21,18.453,18.454,18.453,18.454
2023-12-22,18.453,18.454,18.453,18.454
2023-12-27,18.453,18.454,18.453,18.454
2023-12-28,18.453,18.454,18.453,18.454
2023-12-29,18.453,18.453,18.453,18.453
2024-01-02,18.453,18.454,18.453,18.454
2024-01-03,18.453,18.453,18.312,18.312
2024-01-04,18.312,18.312,18.312,18.312
2024-01-05,18.312,18.312,18.312,18.312
2024-01-08,18.312,18.312,18.312,18.312
2024-01-09,18.312,18.312,18.094,18.094
2024-01-10,18.094,18.094,17.876,17.876
2024-01-11,17.876,18.072,17.876,18.072
2024-01-12,18.072,18.072,18.072,18.072
2024-01-15,18.072,18.214,18.072,18.214
2024-01-16,18.214,18.214,18.214,18.214
2024-01-17,18.214,18.214,18.214,18.214
2024-01-18,18.214,18.214,18.214,18.214
2024-01-19,18.214,18.214,18.214,18.214
2024-01-22,18.214,18.214,18.214,18.214
2024-01-23,18.214,18.214,18.214,18.214
2024-01-24,18.214,18.214,18.214,18.214
2024-01-25,18.214,18.214,18.214,18.214
2024-01-26,18.214,18.291,18.214,18.291
2024-01-29,18.291,18.291,18.291,18.291
2024-01-30,18.291,18.291,17.855,17.855
2024-01-31,17.855,17.855,17.746,17.746
2024-02-01,17.746,17.746,17.528,17.528
2024-02-02,17.529,17.529,17.485,17.485
2024-02-05,17.485,17.485,17.485,17.485
2024-02-06,17.485,17.562,17.485,17.562
2024-02-07,17.562,17.562,17.562,17.562
2024-02-08,17.562,17.562,17.562,17.562
2024-02-09,17.562,17.562,17.562,17.562
2024-02-12,17.562,17.562,17.562,17.562
2024-02-13,17.562,17.562,17.562,17.562
2024-02-14,17.562,17.562,17.562,17.562
2024-02-15,17.562,17.562,17.453,17.453
2024-02-16,17.453,17.453,17.453,17.453
2024-02-19,17.453,17.453,17.453,17.453
2024-02-20,17.453,17.453,17.453,17.453
2024-02-21,17.453,17.464,17.453,17.464
2024-02-22,17.464,18.553,17.464,18.553
2024-02-23,18.553,18.553,18.553,18.553
2024-02-26,18.553,18.553,18.553,18.553
2024-02-27,18.553,18.554,18.553,18.554
2024-02-28,18.554,18.554,18.39,18.39
2024-02-29,18.39,18.39,18.39,18.39
2024-03-01,18.39,18.39,18.39,18.39
2024-03-04,18.39,18.39,18.39,18.39
2024-03-05,18.39,18.39,18.39,18.39
2024-03-06,18.39,18.663,18.39,18.663
2024-03-07,18.663,18.948,18.663,18.948
2024-03-08,18.947,19.496,18.947,19.496
2024-03-11,19.495,19.496,19.495,19.496
2024-03-12,19.495,19.496,19.495,19.496
2024-03-13,19.495,19.496,19.495,19.496
2024-03-14,19.495,19.496,19.495,19.496
2024-03-15,19.495,19.496,19.495,19.496
2024-03-18,19.495,19.496,19.495,19.496
2024-03-19,19.495,19.495,19.407,19.408
2024-03-20,19.408,19.408,19.408,19.408
2024-03-21,19.408,19.408,19.408,19.408
2024-03-22,19.408,19.408,19.408,19.408
2024-03-25,19.409,19.409,19.409,19.409
2024-03-26,19.409,19.409,19.409,19.409
2024-03-27,19.409,19.409,19.409,19.409
2024-03-28,19.409,19.409,19.409,19.409
2024-04-02,19.398,19.398,19.397,19.397
2024-04-03,19.398,19.398,19.397,19.397
2024-04-04,19.398,19.398,19.397,19.398
2024-04-05,19.398,19.398,19.397,19.397
2024-04-08,19.398,19.398,19.397,19.397
2024-04-09,19.398,19.398,19.397,19.397
2024-04-10,19.398,19.398,19.397,19.397
2024-04-11,19.398,19.398,19.397,19.397
2024-04-12,19.398,19.398,19.398,19.398
2024-04-15,19.398,19.398,18.511,18.512
2024-04-16,18.512,18.512,18.239,18.239
2024-04-17,18.239,18.239,17.966,17.966
2024-04-18,17.966,18.043,17.966,18.043
2024-04-19,18.043,18.043,17.966,17.966
2024-04-22,17.966,18.043,17.966,18.043
2024-04-23,18.043,18.043,17.814,17.814
2024-04-24,17.814,17.814,17.814,17.814
2024-04-25,17.814,17.814,17.814,17.814
2024-04-26,17.814,17.814,17.814,17.814
2024-04-29,17.814,17.814,17.814,17.814
2024-04-30,17.814,17.814,17.814,17.814
2024-05-02,17.814,17.814,17.813,17.813
2024-05-03,17.813,18.009,17.813,18.009
2024-05-06,18.009,18.009,18.009,18.009
2024-05-07,18.009,18.009,18.007,18.007
2024-05-08,18.007,18.007,18.007,18.007
2024-05-09,18.007,18.007,18.007,18.007
2024-05-10,18.007,18.007,18.007,18.007
2024-05-13,18.008,18.008,17.931,17.931
2024-05-14,17.931,17.931,17.931,17.931
2024-05-15,17.931,17.931,17.931,17.931
2024-05-16,17.931,17.931,17.931,17.931
2024-05-17,17.931,17.931,17.91,17.91
2024-05-20,17.91,17.91,17.91,17.91
2024-05-21,17.91,17.91,17.91,17.91
2024-05-22,17.91,17.91,17.91,17.91
2024-05-23,17.91,17.91,17.91,17.91
2024-05-24,17.91,17.91,17.91,17.91
2024-05-27,17.91,17.91,17.91,17.91
2024-05-28,17.91,17.91,17.91,17.91
2024-05-29,17.91,17.91,17.91,17.91
2024-05-30,17.91,17.91,17.91,17.91
2024-05-31,17.91,17.91,17.91,17.91
2024-06-03,17.91,17.91,17.91,17.91
2024-06-04,17.954,17.954,17.954,17.954
2024-06-05,18.008,18.008,18.008,18.008
2024-06-06,18.008,18.008,18.008,18.008
2024-06-07,18.008,18.008,18.008,18.008
2024-06-10,18.008,18.008,18.008,18.008
2024-06-11,17.921,17.921,17.921,17.921
2024-06-12,17.465,17.465,17.465,17.465
2024-06-13,17.465,17.465,17.465,17.465
2024-06-14,17.465,17.465,17.465,17.465
2024-06-17,17.465,17.465,17.465,17.465
2024-06-18,17.139,17.139,17.139,17.139
2024-06-19,17.139,17.139,17.139,17.139
2024-06-20,17.139,17.139,17.139,17.139
2024-06-21,17.139,17.139,17.139,17.139
2024-06-24,17.573,17.573,17.573,17.573
2024-06-25,17.682,17.682,17.682,17.682
2024-06-26,17.682,17.682,17.682,17.682
2024-06-27,17.682,17.682,17.682,17.682
2024-06-28,17.682,17.682,17.682,17.682
2024-07-01,17.682,17.682,17.682,17.682
2024-07-02,17.683,17.683,17.683,17.683
2024-07-03,17.683,17.683,17.683,17.683
2024-07-04,17.759,17.759,17.759,17.759
2024-07-05,17.759,17.759,17.759,17.759
2024-07-08,17.759,17.759,17.759,17.759
2024-07-09,18.031,18.031,18.031,18.031
2024-07-10,17.868,17.868,17.868,17.868
2024-07-11,18.086,18.086,18.086,18.086
2024-07-12,18.086,18.086,18.086,18.086
2024-07-15,18.064,18.064,18.064,18.064
2024-07-16,18.064,18.064,18.064,18.064
2024-07-17,17.737,17.737,17.737,17.737
2024-07-18,17.737,17.737,17.737,17.737
2024-07-19,17.737,17.737,17.737,17.737
2024-07-22,17.737,17.737,17.737,17.737
2024-07-23,17.737,17.737,17.737,17.737
2024-07-24,17.738,17.738,17.738,17.738
2024-07-25,17.737,17.737,17.737,17.737
2024-07-26,17.737,17.737,17.737,17.737
2024-07-29,17.727,17.727,17.727,17.727
2024-07-30,17.727,17.727,17.727,17.727
2024-07-31,17.727,17.727,17.727,17.727
2024-08-01,17.716,17.716,17.716,17.716
2024-08-02,17.607,17.607,17.607,17.607
2024-08-05,17.608,17.608,17.608,17.608
2024-08-06,17.608,17.608,17.608,17.608
2024-08-07,17.62,17.62,17.62,17.62
2024-08-08,17.52,17.52,17.52,17.52
2024-08-09,17.52,17.52,17.52,17.52
2024-08-12,17.521,17.521,17.521,17.521
2024-08-13,16.86,16.86,16.86,16.86
2024-08-14,16.86,16.86,16.86,16.86
2024-08-15,17.521,17.521,17.521,17.521
2024-08-16,17.521,17.521,17.521,17.521
2024-08-19,16.86,16.86,16.86,16.86
2024-08-20,16.86,16.86,16.86,16.86
2024-08-21,17.521,17.521,17.521,17.521
2024-08-22,16.86,16.86,16.86,16.86
2024-08-23,16.86,16.86,16.86,16.86
2024-08-26,16.86,16.86,16.86,16.86
2024-08-27,16.86,16.86,16.86,16.86
2024-08-28,16.86,16.86,16.86,16.86
2024-08-29,17.565,17.565,17.565,17.565
2024-08-30,16.9,16.9,16.9,16.9
2024-09-02,17.565,17.565,17.565,17.565
2024-09-03,16.9,16.9,16.9,16.9
2024-09-04,16.9,16.9,16.9,16.9
2024-09-05,16.9,16.9,16.9,16.9
2024-09-06,16.8,16.8,16.8,16.8
2024-09-09,17.565,17.565,17.565,17.565
2024-09-10,16.9,16.9,16.9,16.9
2024-09-11,16.9,16.9,16.9,16.9
2024-09-12,16.9,16.9,16.9,16.9
2024-09-13,16.9,16.9,16.9,16.9
2024-09-16,16.9,16.9,16.9,16.9
2024-09-17,16.9,16.9,16.9,16.9
2024-09-18,16.9,16.9,16.9,16.9
2024-09-19,16.9,16.9,16.9,16.9
2024-09-20,17.566,17.566,17.566,17.566
2024-09-23,16.9,16.9,16.9,16.9
2024-09-24,17.1,17.1,17.1,17.1
2024-09-25,17.1,17.1,17.1,17.1
2024-09-26,17.1,17.1,17.1,17.1
2024-09-27,17.751,17.751,17.751,17.751
2024-09-30,17.1,17.1,17.1,17.1
2024-10-01,17.07,17.07,17.07,17.07
2024-10-02,17.07,17.07,17.07,17.07
2024-10-03,17.07,17.07,17.07,17.07
2024-10-04,17.729,17.729,17.729,17.729
2024-10-07,17.05,17.05,17.05,17.05
2024-10-08,17.686,17.686,17.686,17.686
2024-10-09,17.849,17.849,17.849,17.849
2024-10-11,17.849,17.849,17.849,17.849
2024-10-14,17.16,17.16,17.16,17.16
2024-10-15,17.16,17.16,17.16,17.16
2024-10-16,17.09,17.09,17.09,17.09
2024-10-17,17.09,17.09,17.09,17.09
2024-10-18,17.08,17.08,17.08,17.08
2024-10-22,17.03,17.03,17.03,17.03
2024-10-23,17.08,17.08,17.08,17.08
2024-10-24,17.08,17.08,17.08,17.08
2024-10-25,17.763,17.763,17.763,17.763
2024-10-28,17.763,17.763,17.763,17.763
2024-10-29,17.763,17.763,17.763,17.763
2024-10-30,17.476,17.476,17.476,17.476
2024-10-31,17.476,17.476,17.476,17.476
2024-11-01,16.85,16.85,16.85,16.85
2024-11-04,17.508,17.508,17.508,17.508
2024-11-05,17.508,17.508,17.508,17.508
2024-11-06,16.85,16.85,16.85,16.85
2024-11-07,16.85,16.85,16.85,16.85
2024-11-08,16.2,16.2,16.2,16.2
2024-11-11,16.2,16.2,16.2,16.2
2024-11-12,16.2,16.2,16.2,16.2
2024-11-13,16.2,16.2,16.2,16.2
2024-11-14,16.2,16.2,16.2,16.2
2024-11-15,16.2,16.2,16.2,16.2
2024-11-18,16,16,16,16
2024-11-19,16,16,16,16
2024-11-20,16,16,16,16
2024-11-21,16,16,16,16
2024-11-22,16,16,16,16
2024-11-25,15.83,15.83,15.83,15.83
2024-11-26,15.83,15.83,15.83,15.83
2024-11-27,15.82,15.82,15.82,15.82
2024-11-28,15.82,15.82,15.82,15.82
2024-11-29,16.389,16.389,16.389,16.389
2024-12-02,15.82,15.82,15.82,15.82
2024-12-03,15.69,15.69,15.69,15.69
2024-12-04,15.69,15.69,15.69,15.69
2024-12-05,15.69,15.69,15.69,15.69
2024-12-06,15.69,15.69,15.69,15.69
2024-12-09,14.43,14.43,14.43,14.43
2024-12-10,14.43,14.43,14.43,14.43
2024-12-11,14.43,14.43,14.43,14.43
2024-12-12,15.03,15.03,15.03,15.03
2024-12-13,14.56,14.56,14.56,14.56
2024-12-16,14.51,14.51,14.51,14.51
2024-12-17,14.51,14.51,14.51,14.51
2024-12-18,14.51,14.51,14.51,14.51
2024-12-19,14.51,14.51,14.51,14.51
2024-12-20,14.34,14.34,14.34,14.34
2024-12-23,14.34,14.34,14.34,14.34
2024-12-24,14.34,14.34,14.34,14.34
2024-12-27,14.34,14.34,14.34,14.34
2024-12-30,14.34,14.34,14.34,14.34
2025-01-02,14.34,14.34,14.34,14.34
2025-01-03,14.26,14.26,14.26,14.26
2025-01-06,14.709,14.709,14.709,14.709
2025-01-07,14.26,14.26,14.26,14.26
2025-01-08,14.19,14.19,14.19,14.19
2025-01-09,14.19,14.19,14.19,14.19
2025-01-10,14.19,14.19,14.19,14.19
2025-01-13,14.19,14.19,14.19,14.19
2025-01-14,14.19,14.19,14.19,14.19
2025-01-15,14.14,14.14,14.14,14.14
2025-01-16,14.19,14.19,14.19,14.19
2025-01-17,14.29,14.29,14.29,14.29
2025-01-20,14.29,14.29,14.29,14.29
2025-01-21,14.29,14.29,14.29,14.29
2025-01-22,14.29,14.29,14.29,14.29
2025-01-23,14.29,14.29,14.29,14.29
2025-01-24,14.741,14.741,14.741,14.741
2025-01-27,14.29,14.29,14.29,14.29
2025-01-28,14.29,14.29,14.29,14.29
2025-01-29,14.36,14.36,14.36,14.36
2025-01-30,14.817,14.817,14.817,14.817
2025-01-31,14.36,14.36,14.36,14.36
2025-02-03,14.36,14.36,14.36,14.36
2025-02-04,14.817,14.817,14.817,14.817
2025-02-05,14.36,14.36,14.36,14.36
2025-02-06,14.25,14.25,14.25,14.25
2025-02-07,14.25,14.25,14.25,14.25
2025-02-10,14.699,14.699,14.699,14.699
2025-02-11,14.25,14.25,14.25,14.25
2025-02-12,14.14,14.14,14.14,14.14
2025-02-13,13.87,13.87,13.87,13.87
2025-02-14,13.87,13.87,13.87,13.87
2025-02-17,14.044,14.044,14.044,14.044
2025-02-18,13.64,13.64,13.64,13.64
2025-02-19,13.64,13.64,13.64,13.64
2025-02-20,13.64,13.64,13.64,13.64
2025-02-21,13.64,13.64,13.64,13.64
2025-02-24,14.044,14.044,14.044,14.044
2025-02-25,13.64,13.64,13.64,13.64
2025-02-26,13.64,13.64,13.64,13.64
2025-02-27,13.64,13.64,13.64,13.64
2025-02-28,13.64,13.64,13.64,13.64
2025-03-03,13.64,13.64,13.64,13.64
2025-03-04,13.64,13.64,13.64,13.64
2025-03-05,13.64,13.64,13.64,13.64
2025-03-06,13.64,13.64,13.64,13.64
2025-03-07,13.64,13.64,13.64,13.64
2025-03-10,13.64,13.64,13.64,13.64
2025-03-11,13.64,13.64,13.64,13.64
2025-03-12,13.64,13.64,13.64,13.64
2025-03-13,13.64,13.64,13.64,13.64
2025-03-14,13.5,13.5,13.5,13.5
2025-03-17,13.5,13.5,13.5,13.5
2025-03-18,13.5,13.5,13.5,13.5
2025-03-19,13.48,13.48,13.48,13.48
2025-03-20,13.48,13.48,13.48,13.48
2025-03-21,13.48,13.48,13.48,13.48
2025-03-24,13.48,13.48,13.48,13.48
2025-03-25,13.51,13.51,13.51,13.51
2025-03-26,13.51,13.51,13.51,13.51
2025-03-27,13.51,13.51,13.51,13.51
2025-03-28,13.52,13.52,13.52,13.52
2025-04-01,13.52,13.52,13.52,13.52
2025-04-02,13.917,13.917,13.917,13.917
2025-04-03,13.52,13.52,13.52,13.52
2025-04-04,13.52,13.52,13.52,13.52
2025-04-07,13.52,13.52,13.52,13.52
2025-04-08,13.52,13.52,13.52,13.52
2025-04-09,13.52,13.52,13.52,13.52
2025-04-10,13.52,13.52,13.52,13.52
2025-04-11,13.58,13.58,13.58,13.58
2025-04-14,13.58,13.58,13.58,13.58
2025-04-15,13.58,13.58,13.58,13.58
2025-04-16,13.58,13.58,13.58,13.58
2025-04-17,13.58,13.58,13.58,13.58
2025-04-22,13.58,13.58,13.58,13.58
2025-04-23,13.36,13.36,13.36,13.36
2025-04-24,13.36,13.36,13.36,13.36
2025-04-25,13.36,13.36,13.36,13.36
2025-04-28,13.36,13.36,13.36,13.36
2025-04-29,13.36,13.36,13.36,13.36
2025-04-30,13.36,13.36,13.36,13.36
2025-05-02,13.36,13.36,13.36,13.36
2025-05-05,13.36,13.36,13.36,13.36
2025-05-06,13.36,13.36,13.36,13.36
2025-05-07,13.36,13.36,13.36,13.36
2025-05-08,13.36,13.36,13.36,13.36
2025-05-09,13.36,13.36,13.36,13.36
2025-05-12,13.36,13.36,13.36,13.36
2025-05-13,13.36,13.36,13.36,13.36
2025-05-14,13.39,13.39,13.39,13.39
2025-05-15,13.39,13.39,13.39,13.39
2025-05-16,13.39,13.39,13.39,13.39
2025-05-19,13.362,13.362,13.362,13.362
2025-05-20,13.46,13.46,13.46,13.46
2025-05-21,13.61,13.61,13.61,13.61
2025-05-22,13.71,13.71,13.71,13.71
2025-05-23,13.71,13.71,13.71,13.71
2025-05-26,13.71,13.71,13.71,13.71
2025-05-27,13.71,13.71,13.71,13.71
2025-05-28,13.362,13.362,13.362,13.362
2025-05-29,13.71,13.71,13.71,13.71
2025-05-30,13.71,13.71,13.71,13.71
2025-06-03,13.71,13.71,13.71,13.71
2025-06-04,13.71,13.71,13.71,13.71
2025-06-05,13.362,13.362,13.362,13.362
2025-06-06,13.56,13.56,13.56,13.56
2025-06-09,13.56,13.56,13.56,13.56
2025-06-10,13.56,13.56,13.56,13.56
2025-06-11,13.58,13.58,13.58,13.58
2025-06-12,13.58,13.58,13.58,13.58
2025-06-13,13.58,13.58,13.58,13.58
2025-06-16,13.369,13.369,13.369,13.369
2025-06-17,13.57,13.57,13.57,13.57
2025-06-18,13.57,13.57,13.57,13.57
2025-06-19,13.57,13.57,13.57,13.57
2025-06-20,13.57,13.57,13.57,13.57
2025-06-23,13.57,13.57,13.57,13.57
2025-06-24,13.57,13.57,13.57,13.57
2025-06-25,13.57,13.57,13.57,13.57
2025-06-26,13.57,13.57,13.57,13.57
2025-06-27,13.44,13.44,13.44,13.44
2025-06-30,13.44,13.44,13.44,13.44
2025-07-01,13.44,13.44,13.44,13.44
2025-07-02,13.369,13.369,13.369,13.369
2025-07-03,13.5,13.5,13.5,13.5
2025-07-04,13.5,13.5,13.5,13.5
2025-07-07,13.5,13.5,13.5,13.5
2025-07-08,13.46,13.46,13.46,13.46
2025-07-09,13.46,13.46,13.46,13.46
2025-07-10,13.46,13.46,13.46,13.46
2025-07-11,13.355,13.355,13.355,13.355
2025-07-14,13.48,13.48,13.48,13.48
2025-07-15,13.48,13.48,13.48,13.48
2025-07-16,13.48,13.48,13.48,13.48
2025-07-17,13.48,13.48,13.48,13.48
2025-07-18,13.48,13.48,13.48,13.48
2025-07-21,13.5,13.5,13.5,13.5
2025-07-22,13.5,13.5,13.5,13.5
2025-07-23,13.5,13.5,13.5,13.5
2025-07-24,13.5,13.5,13.5,13.5
2025-07-25,13.5,13.5,13.5,13.5
2025-07-28,13.53,13.53,13.53,13.53
2025-07-29,13.53,13.53,13.53,13.53
2025-07-30,13.53,13.53,13.53,13.53
2025-07-31,13.53,13.53,13.53,13.53
2025-08-01,13.53,13.53,13.53,13.53
2025-08-04,13.392,13.392,13.392,13.392
2025-08-05,13.53,13.53,13.53,13.53
2025-08-06,13.53,13.53,13.53,13.53
2025-08-07,13.53,13.53,13.53,13.53
2025-08-08,13.53,13.53,13.53,13.53
2025-08-11,13.53,13.53,13.53,13.53
2025-08-12,13.53,13.53,13.53,13.53
2025-08-13,13.392,13.392,13.392,13.392
2025-08-14,13.53,13.53,13.53,13.53
2025-08-15,13.53,13.53,13.53,13.53
2025-08-18,13.393,13.393,13.393,13.393
2025-08-19,13.53,13.53,13.53,13.53
2025-08-20,13.53,13.53,13.53,13.53
2025-08-21,13.393,13.393,13.393,13.393
2025-08-22,13.53,13.53,13.53,13.53
2025-08-25,13.393,13.393,13.393,13.393
2025-08-26,13.53,13.53,13.53,13.53
2025-08-27,13.51,13.51,13.51,13.51
2025-08-28,13.51,13.51,13.51,13.51
2025-08-29,13.326,13.326,13.326,13.326
2025-09-01,13.44,13.44,13.44,13.44
2025-09-02,13.44,13.44,13.44,13.44
2025-09-03,13.44,13.44,13.44,13.44
2025-09-04,13.44,13.44,13.44,13.44
2025-09-05,13.44,13.44,13.44,13.44
2025-09-08,13.43,13.43,13.43,13.43
2025-09-09,13.43,13.43,13.43,13.43
2025-09-10,13.43,13.43,13.43,13.43
2025-09-11,13.277,13.277,13.277,13.277
2025-09-12,13.277,13.277,13.277,13.277
2025-09-15,13.43,13.43,13.43,13.43
2025-09-16,13.43,13.43,13.43,13.43
2025-09-17,13.43,13.43,13.43,13.43
2025-09-18,13.43,13.43,13.43,13.43
2025-09-19,13.43,13.43,13.43,13.43
2025-09-22,13.277,13.277,13.277,13.277
2025-09-23,13.43,13.43,13.43,13.43
2025-09-24,13.43,13.43,13.43,13.43
2025-09-25,13.43,13.43,13.43,13.43
2025-09-26,13.43,13.43,13.43,13.43
2025-09-29,13.43,13.43,13.43,13.43
2025-09-30,13.46,13.46,13.46,13.46
2025-10-01,13.46,13.46,13.46,13.46
2025-10-02,13.46,13.46,13.46,13.46
2025-10-03,13.46,13.46,13.46,13.46
2025-10-06,13.46,13.46,13.46,13.46
2025-10-07,13.303,13.303,13.303,13.303
2025-10-08,13.46,13.46,13.46,13.46
2025-10-09,13.46,13.46,13.46,13.46
2025-10-13,13.46,13.46,13.46,13.46
2025-10-14,13.46,13.46,13.46,13.46
2025-10-15,13.46,13.46,13.46,13.46
2025-10-16,13.46,13.46,13.46,13.46
2025-10-17,13.46,13.46,13.46,13.46
2025-10-21,13.46,13.46,13.46,13.46
2025-10-22,13.46,13.46,13.46,13.46
2025-10-23,13.46,13.46,13.46,13.46
2025-10-24,13.12,13.12,13.12,13.12
2025-10-27,13.05,13.05,13.05,13.05
2025-10-28,13.12,13.12,13.12,13.12
2025-10-29,13.13,13.13,13.13,13.13
2025-10-30,13.13,13.13,13.13,13.13
2025-10-31,13.13,13.13,13.13,13.13
2025-11-03,13.13,13.13,13.13,13.13
2025-11-04,13.13,13.13,13.13,13.13
2025-11-05,13.13,13.13,13.13,13.13
2025-11-06,13.13,13.13,13.13,13.13
2025-11-07,13.13,13.13,13.13,13.13
2025-11-10,13.13,13.13,13.13,13.13
2025-11-11,13.13,13.13,13.13,13.13
2025-11-12,13.13,13.13,13.13,13.13
2025-11-13,13.13,13.13,13.13,13.13
2025-11-14,13.13,13.13,13.13,13.13
2025-11-17,13.13,13.13,13.13,13.13
2025-11-18,13.13,13.13,13.13,13.13
2025-11-19,13.13,13.13,13.13,13.13
2025-11-20,13.13,13.13,13.13,13.13
2025-11-21,13.13,13.13,13.13,13.13
2025-11-24,13.13,13.13,13.13,13.13
2025-11-25,12.69,12.69,12.69,12.69
2025-11-26,12.69,12.69,12.69,12.69
2025-11-27,12.69,12.69,12.69,12.69
2025-11-28,12.69,12.69,12.69,12.69
2025-12-01,12.69,12.69,12.69,12.69
2025-12-02,12.69,12.69,12.69,12.69
2025-12-03,12.69,12.69,12.69,12.69
2025-12-04,12.69,13.05,12.69,12.999
2025-12-05,12.62,12.62,12.62,12.62
2025-12-08,12.62,12.62,12.62,12.62
2025-12-09,12.62,12.999,12.62,12.999
2025-12-10,12.999,13.05,12.999,13.05
2025-12-11,12.69,13.05,12.69,12.69
2025-12-12,12.62,12.62,12.62,12.62
2025-12-15,12.62,12.999,12.62,12.62
2025-12-16,12.62,12.999,12.62,12.999
2025-12-17,12.62,13.068,12.62,13.065
2025-12-18,12.71,13.08,12.71,12.71
2025-12-19,12.73,12.73,12.73,12.73
2025-12-22,12.73,12.73,12.73,12.73
2025-12-23,12.73,12.73,12.73,12.73
2025-12-24,12.73,13.08,12.73,13.013
2025-12-25,12.64,12.64,12.64,12.64
2025-12-29,13.013,13.013,13.013,13.013
2025-12-30,12.64,13.013,12.64,13.013
2026-01-02,12.64,12.64,12.64,12.64
2026-01-05,12.64,13.013,12.64,12.64
2026-01-06,12.64,12.64,12.64,12.64
2026-01-07,12.64,12.64,12.64,12.64
2026-01-08,12.64,12.64,12.64,12.64
2026-01-09,12.64,12.64,12.64,12.64
2026-01-12,12.64,12.64,12.64,12.64
2026-01-13,12.64,12.64,12.64,12.64
2026-01-14,13.013,13.013,13.013,13.013
2026-01-15,12.64,13.013,12.64,13.013
2026-01-16,12.64,13.013,12.64,13.013
2026-01-19,12.64,12.64,12.64,12.64
2026-01-20,12.64,12.64,12.64,12.64
2026-01-21,12.64,12.64,12.64,12.64
2026-01-22,12.64,13.013,12.64,13.013
2026-01-23,12.64,13.013,12.64,13.013
2026-01-26,12.82,12.82,12.82,12.82
2026-01-27,12.82,12.82,12.82,12.82
2026-01-28,12.82,12.82,12.82,12.82
2026-01-29,12.57,12.57,12.57,12.57
2026-01-30,12.57,12.57,12.57,12.57
2026-02-02,12.57,12.57,12.57,12.57
2026-02-03,12.57,12.57,12.57,12.57
2026-02-04,12.57,12.57,12.57,12.57
2026-02-05,12.57,12.57,12.57,12.57
2026-02-06,12.54,12.54,12.54,12.54
2026-02-09,12.54,12.54,12.54,12.54
2026-02-10,12.54,12.54,12.54,12.54
2026-02-11,12.54,12.54,12.54,12.54
2026-02-12,12.54,12.54,12.54,12.54
2026-02-13,12.54,12.54,12.54,12.54
2026-02-16,12.54,12.54,12.54,12.54
2026-02-17,12.54,12.54,12.54,12.54
2026-02-18,11.72,11.72,11.298,11.298
2026-02-19,11.72,11.72,11.72,11.72
2026-02-20,11.72,11.72,11.272,11.285
2026-02-23,11.72,11.72,11.259,11.72
2026-02-24,11.72,11.72,11.259,11.272
2026-02-25,11.72,11.72,11.72,11.72
2026-02-26,11.62,11.62,11.198,11.198
2026-02-27,11.62,11.62,11.62,11.62
2026-03-02,11.62,11.62,11.198,11.198
2026-03-03,11.57,11.57,11.57,11.57
2026-03-04,11.57,11.57,11.57,11.57
2026-03-05,11.57,11.57,11.57,11.57
2026-03-06,11.57,11.57,11.57,11.57
2026-03-09,11.57,11.57,11.57,11.57
2026-03-10,11.57,11.57,11.57,11.57
2026-03-11,11.57,11.57,11.135,11.272
2026-03-12,11.72,11.72,11.72,11.72
2026-03-13,11.72,11.72,11.272,11.72
2026-03-16,11.72,11.72,11.72,11.72
2026-03-17,11.72,11.72,11.72,11.72
2026-03-18,11.72,11.72,11.72,11.72
2026-03-19,11.72,11.72,11.72,11.72
2026-03-23,11.72,11.72,11.272,11.72
2026-03-24,11.29,11.29,11.29,11.29
2026-03-25,11.29,11.29,11.29,11.29
2026-03-26,11.29,11.29,11.272,11.272
2026-03-27,11.29,11.29,11.29,11.29
2026-03-30,11.29,11.29,11.29,11.29
2026-03-31,11.29,11.29,11.29,11.29
2026-04-01,11.29,11.29,11.272,11.272
2026-04-02,11.29,11.29,11.29,11.29
2026-04-07,11.29,11.29,11.29,11.29
2026-04-08,11.29,11.29,11.29,11.29
2026-04-09,11.29,11.29,11.29,11.29
2026-04-10,11.29,11.29,11.29,11.29
2026-04-13,11.272,11.272,11.272,11.272
2026-04-14,11.29,11.29,11.29,11.29
2026-04-15,11.29,11.29,11.29,11.29
2026-04-16,11.29,11.29,11.29,11.29
2026-04-17,11.502,11.502,11.29,11.29
2026-04-20,11.52,11.52,11.52,11.52
2026-04-21,11.52,11.52,11.52,11.52
2026-04-22,11.52,11.52,11.52,11.52
2026-04-23,11.52,11.52,11.52,11.52
2026-04-24,11.52,11.52,11.52,11.52
2026-04-27,11.52,11.52,11.52,11.52
2026-04-28,11.52,11.52,11.52,11.52
2026-04-29,11.52,11.52,11.52,11.52
2026-04-30,11.52,11.52,11.52,11.52
2026-05-04,11.502,11.502,11.502,11.502
2026-05-05,11.52,11.52,11.52,11.52
2026-05-06,11.52,11.52,11.52,11.52
2026-05-07,11.52,11.52,11.52,11.52
2026-05-08,11.52,11.52,11.52,11.52
2026-05-11,11.502,11.52,11.502,11.52
2026-05-12,11.52,11.52,11.52,11.52
2026-05-13,11.52,11.52,11.52,11.52
2026-05-14,11.52,11.52,11.52,11.52
2026-05-15,11.52,11.52,11.52,11.52
2026-05-18,11.52,11.52,11.52,11.52
2026-05-19,11.52,11.93,11.52,11.93
2026-05-20,11.906,11.906,11.906,11.906
2026-05-21,11.93,11.93,11.93,11.93
2026-05-22,11.93,11.93,11.93,11.93
2026-05-25,11.906,11.906,11.906,11.906
2026-05-26,11.906,12.129,11.906,11.93
2026-05-28,12.15,12.15,12.15,12.15
2026-05-29,12.15,12.15,12.15,12.15
2026-06-02,12.15,12.15,12.15,12.15
2026-06-03,12.2,12.2,12.2,12.2
2026-06-04,12.18,12.18,12.18,12.18
2026-06-05,12.2,12.2,12.2,12.2
2026-06-08,12.2,12.2,12.2,12.2
2026-06-09,12.2,12.2,12.2,12.2
2026-06-10,12.2,12.2,12.2,12.2
2026-06-11,12.2,12.2,12.2,12.2
2026-06-12,12.18,12.2,12.18,12.2
2026-06-15,12.14,12.14,12.14,12.14
2026-06-16,12.14,12.14,12.14,12.14
2026-06-17,12.14,12.14,12.14,12.14
2026-06-18,12.14,12.14,12.14,12.14
2026-06-19,12.121,12.14,12.121,12.14
2026-06-22,12.121,12.32,12.121,12.14
2026-06-23,12.32,12.32,12.32,12.32
2026-06-24,12.32,12.32,12.32,12.32
2026-06-25,12.32,12.32,12.32,12.32
2026-06-26,12.32,12.32,12.32,12.32
2026-06-29,12.299,12.32,12.299,12.32
2026-06-30,12.32,12.32,12.32,12.32
2026-07-01,12.32,12.32,12.32,12.32
2026-07-02,12.299,12.402,12.299,12.32
2026-07-03,12.4,12.4,12.4,12.4
2026-07-06,12.39,12.39,12.39,12.39
2026-07-07,12.39,12.39,12.39,12.39
2026-07-08,12.377,12.39,12.377,12.39
2026-07-09,12.377,12.4,12.339,12.4
2026-07-10,12.232,12.36,12.232,12.36
2026-07-13,12.455,12.455,12.455,12.455
2026-07-14,12.47,12.47,12.47,12.47
2026-07-15,12.558,12.58,12.395,12.58
2026-07-16,12.54,12.54,12.54,12.54
2026-07-17,12.484,12.484,12.447,12.465
2026-07-20,12.48,12.48,12.48,12.48
2026-07-21,12.49,12.49,12.49,12.49
2026-07-22,12.49,12.49,12.49,12.49
2026-07-23,12.49,12.49,12.49,12.49
2026-07-24,12.49,12.49,12.49,12.49
2026-07-27,12.49,12.49,12.49,12.49
2026-07-28,12.49,12.49,12.49,12.49
2026-07-29,12.49,12.49,12.49,12.49
2026-07-30,12.465,12.49,12.465,12.49
2026-07-31,12.48,12.48,12.48,12.48
2026-08-03,12.49,12.49,12.49,12.49
2026-08-04,12.49,12.49,12.49,12.49
2026-08-05,12.49,12.49,12.49,12.49
2026-08-06,12.49,12.49,12.49,12.49
2026-08-07,12.49,12.49,12.49,12.49
2026-08-10,12.49,12.49,12.49,12.49
2026-08-11,12.465,12.49,12.465,12.49
2026-08-12,12.48,12.48,12.48,12.48
2026-08-13,12.49,12.49,12.49,12.49
2026-08-14,12.49,12.49,12.49,12.49
2026-08-17,12.49,12.49,12.49,12.49
2026-08-18,12.49,12.49,12.49,12.49
2026-08-19,12.49,12.49,12.49,12.49
2026-08-20,12.49,12.49,12.49,12.49
2026-08-21,12.469,12.49,12.469,12.49
2026-08-24,12.49,12.49,12.49,12.49
2026-08-25,12.49,12.49,12.49,12.49
2026-08-26,12.469,12.469,12.469,12.469
2026-08-27,12.469,12.469,12.236,12.236
2026-08-28,12.26,12.26,12.26,12.26
2026-08-31,12.236,12.555,12.236,12.25
2026-09-01,12.413,12.43,12.413,12.43
2026-09-02,12.43,12.43,12.43,12.43
2026-09-03,12.43,12.43,12.43,12.43
2026-09-04,12.413,12.43,12.413,12.43
2026-09-07,12.43,12.43,12.43,12.43
2026-09-08,12.43,12.43,12.43,12.43
2026-09-09,12.413,12.451,12.413,12.43
2026-09-10,12.47,12.47,12.47,12.47
2026-09-11,12.47,12.47,12.47,12.47
2026-09-14,12.47,12.47,12.47,12.47
2026-09-15,12.47,12.47,12.47,12.47
2026-09-16,12.47,12.47,12.47,12.47
2026-09-17,12.47,12.47,12.47,12.47
2026-09-18,12.451,12.47,12.382,12.47
2026-09-21,12.4,12.4,12.4,12.4
2026-09-22,12.4,12.4,12.4,12.4
